score,review,y
100,맛있었어요콩나물 엄청 좋아해서 많이 먹었는데도 많이 남았어요 조금 아까웠슴 ㅠㅠ남은건 포장도 되서 너무 좋았습니다다음엔 불고기 먹으러 가고싶어요! 너무 맛있게 잘 먹었습니당!,1
100,맛있음 신라면도 매워서 못먹는 맵찔이는 비추 덜매운맛과 매운맛만 존재함,1
40,1. 자리 원하는 곳 못않게 함(단체석이라더니 결국 아니었음...)2. 맛은 soso 그냥 콩불..3. 남자 직원 일하기 싫어하는 말투와 표정그렇게 할거면 다른 일 하시지...4. 볶음밥은 절대 시키지마세요,0
100,맛있었어요콩나물 엄청 좋아해서 많이 먹었는데도 많이 남았어요 조금 아까웠슴 ㅠㅠ남은건 포장도 되서 너무 좋았습니다다음엔 불고기 먹으러 가고싶어요! 너무 맛있게 잘 먹었습니당!,1
100,맛있음 신라면도 매워서 못먹는 맵찔이는 비추 덜매운맛과 매운맛만 존재함,1
40,1. 자리 원하는 곳 못않게 함(단체석이라더니 결국 아니었음...)2. 맛은 soso 그냥 콩불..3. 남자 직원 일하기 싫어하는 말투와 표정그렇게 할거면 다른 일 하시지...4. 볶음밥은 절대 시키지마세요,0
80,얼큰한거 좋아하심 누구나 좋아할 맛이에요! 다만 매장이 전반적으로 너무 정신이없어요 ㅠ 어쩔수없지만...,1
20,여기를 회사 회식으로 갔는데서빙하시는분이 있다가 사라지고예약 해서 예약석 어디냐 물어보려고 해도 안보이더군요.맛? 그냥 집에서 라면 끓여 먹는게 더 맛있고 산더미 인건 콩나물 없는건 고기랑 갈비내돈으로 사먹는다? 재정신 아닐때 가능.그리고 여기 리뷰 조작 하네요. 삭제해서 다시 올림,0
60,"두번 째 방문, 어쩌다 생각나는 맛.. 흥해서 확장하고 음식컨셉 잘 유지하고 뭐 이만하면 잘하시는 가게임. 근데 코로나 시국에 서빙하기 편한 한 쪽에 손님들 몰아넣는건 별로.",0
80,기본적으로 달달한 맛에 매콤함을 더해서 젊은 사람들 입맛에 잘 맞을듯. 가격이 좀 아쉬워요,1
80,,1
100,맛있었어요콩나물 엄청 좋아해서 많이 먹었는데도 많이 남았어요 조금 아까웠슴 ㅠㅠ남은건 포장도 되서 너무 좋았습니다다음엔 불고기 먹으러 가고싶어요! 너무 맛있게 잘 먹었습니당!,1
100,맛있음 신라면도 매워서 못먹는 맵찔이는 비추 덜매운맛과 매운맛만 존재함,1
40,1. 자리 원하는 곳 못않게 함(단체석이라더니 결국 아니었음...)2. 맛은 soso 그냥 콩불..3. 남자 직원 일하기 싫어하는 말투와 표정그렇게 할거면 다른 일 하시지...4. 볶음밥은 절대 시키지마세요,0
80,얼큰한거 좋아하심 누구나 좋아할 맛이에요! 다만 매장이 전반적으로 너무 정신이없어요 ㅠ 어쩔수없지만...,1
20,여기를 회사 회식으로 갔는데서빙하시는분이 있다가 사라지고예약 해서 예약석 어디냐 물어보려고 해도 안보이더군요.맛? 그냥 집에서 라면 끓여 먹는게 더 맛있고 산더미 인건 콩나물 없는건 고기랑 갈비내돈으로 사먹는다? 재정신 아닐때 가능.그리고 여기 리뷰 조작 하네요. 삭제해서 다시 올림,0
60,"두번 째 방문, 어쩌다 생각나는 맛.. 흥해서 확장하고 음식컨셉 잘 유지하고 뭐 이만하면 잘하시는 가게임. 근데 코로나 시국에 서빙하기 편한 한 쪽에 손님들 몰아넣는건 별로.",0
80,기본적으로 달달한 맛에 매콤함을 더해서 젊은 사람들 입맛에 잘 맞을듯. 가격이 좀 아쉬워요,1
80,,1
100,재방문의사 100퍼음식도 서비스도 완벽했습니다,1
100,물갈비라는 걸 여기서 처음 먹어봤는데맛있어요! 양도 정말 많아용오징어 튀김도 맛있어요!!,1
100,,1
100,회식 장소로는 갸우뚱. 하지만 동성 친구끼리 가성비 있게 먹을 장소로 제격입니다. 양 많고 맛 좋고 서비스 괜찮아요.,1
100,회식장소로 좋구요 오징어튀김이 별미예요엄청 바삭해요,1
100,맛있었어요콩나물 엄청 좋아해서 많이 먹었는데도 많이 남았어요 조금 아까웠슴 ㅠㅠ남은건 포장도 되서 너무 좋았습니다다음엔 불고기 먹으러 가고싶어요! 너무 맛있게 잘 먹었습니당!,1
100,맛있음 신라면도 매워서 못먹는 맵찔이는 비추 덜매운맛과 매운맛만 존재함,1
40,1. 자리 원하는 곳 못않게 함(단체석이라더니 결국 아니었음...)2. 맛은 soso 그냥 콩불..3. 남자 직원 일하기 싫어하는 말투와 표정그렇게 할거면 다른 일 하시지...4. 볶음밥은 절대 시키지마세요,0
80,얼큰한거 좋아하심 누구나 좋아할 맛이에요! 다만 매장이 전반적으로 너무 정신이없어요 ㅠ 어쩔수없지만...,1
20,여기를 회사 회식으로 갔는데서빙하시는분이 있다가 사라지고예약 해서 예약석 어디냐 물어보려고 해도 안보이더군요.맛? 그냥 집에서 라면 끓여 먹는게 더 맛있고 산더미 인건 콩나물 없는건 고기랑 갈비내돈으로 사먹는다? 재정신 아닐때 가능.그리고 여기 리뷰 조작 하네요. 삭제해서 다시 올림,0
60,"두번 째 방문, 어쩌다 생각나는 맛.. 흥해서 확장하고 음식컨셉 잘 유지하고 뭐 이만하면 잘하시는 가게임. 근데 코로나 시국에 서빙하기 편한 한 쪽에 손님들 몰아넣는건 별로.",0
80,기본적으로 달달한 맛에 매콤함을 더해서 젊은 사람들 입맛에 잘 맞을듯. 가격이 좀 아쉬워요,1
80,,1
100,재방문의사 100퍼음식도 서비스도 완벽했습니다,1
100,물갈비라는 걸 여기서 처음 먹어봤는데맛있어요! 양도 정말 많아용오징어 튀김도 맛있어요!!,1
100,,1
100,회식 장소로는 갸우뚱. 하지만 동성 친구끼리 가성비 있게 먹을 장소로 제격입니다. 양 많고 맛 좋고 서비스 괜찮아요.,1
100,회식장소로 좋구요 오징어튀김이 별미예요엄청 바삭해요,1
100,회식으로는 딱입니다,1
80,맛있어요 양도많고ㅋ,1
80,맵찔이는 먹기 힘들어요! 그러나 오징어튀김 있으니까 괜찮아요 ㅋㅋㅋ 맛있음다,1
100,,1
80,양도 많고 맛있어요,1
100,맛있었어요콩나물 엄청 좋아해서 많이 먹었는데도 많이 남았어요 조금 아까웠슴 ㅠㅠ남은건 포장도 되서 너무 좋았습니다다음엔 불고기 먹으러 가고싶어요! 너무 맛있게 잘 먹었습니당!,1
100,맛있음 신라면도 매워서 못먹는 맵찔이는 비추 덜매운맛과 매운맛만 존재함,1
40,1. 자리 원하는 곳 못않게 함(단체석이라더니 결국 아니었음...)2. 맛은 soso 그냥 콩불..3. 남자 직원 일하기 싫어하는 말투와 표정그렇게 할거면 다른 일 하시지...4. 볶음밥은 절대 시키지마세요,0
80,얼큰한거 좋아하심 누구나 좋아할 맛이에요! 다만 매장이 전반적으로 너무 정신이없어요 ㅠ 어쩔수없지만...,1
20,여기를 회사 회식으로 갔는데서빙하시는분이 있다가 사라지고예약 해서 예약석 어디냐 물어보려고 해도 안보이더군요.맛? 그냥 집에서 라면 끓여 먹는게 더 맛있고 산더미 인건 콩나물 없는건 고기랑 갈비내돈으로 사먹는다? 재정신 아닐때 가능.그리고 여기 리뷰 조작 하네요. 삭제해서 다시 올림,0
60,"두번 째 방문, 어쩌다 생각나는 맛.. 흥해서 확장하고 음식컨셉 잘 유지하고 뭐 이만하면 잘하시는 가게임. 근데 코로나 시국에 서빙하기 편한 한 쪽에 손님들 몰아넣는건 별로.",0
80,기본적으로 달달한 맛에 매콤함을 더해서 젊은 사람들 입맛에 잘 맞을듯. 가격이 좀 아쉬워요,1
80,,1
100,재방문의사 100퍼음식도 서비스도 완벽했습니다,1
100,물갈비라는 걸 여기서 처음 먹어봤는데맛있어요! 양도 정말 많아용오징어 튀김도 맛있어요!!,1
100,,1
100,회식 장소로는 갸우뚱. 하지만 동성 친구끼리 가성비 있게 먹을 장소로 제격입니다. 양 많고 맛 좋고 서비스 괜찮아요.,1
100,회식장소로 좋구요 오징어튀김이 별미예요엄청 바삭해요,1
100,회식으로는 딱입니다,1
80,맛있어요 양도많고ㅋ,1
80,맵찔이는 먹기 힘들어요! 그러나 오징어튀김 있으니까 괜찮아요 ㅋㅋㅋ 맛있음다,1
100,,1
80,양도 많고 맛있어요,1
100,맛있는데 양이 진짜 너무많아서 4분이시면 3인분시키고 오징어튀김시키세요 오징어튀김 맛있어요!인기가 많아서그런지 뭐.. 친절이나 서비스는 그저그렇습니다,1
100,칼칼하고 국물에 소고기면 정답인듯,1
40,"외형 : 위에 올라간 샤브샤브 고기와 아래 깔린 갈비, 버섯 두조각에 많은 콩나물. 양은 가격대비 적당. 식평 : 샤브고기 질 괜찮고 하단 갈비살은 비린향을 못잡음. 무엇보다 기본 육수가 지나치게 달아요. 육수맛때문에 다먹지도 못하고 남겼어요. 물려요. 회사건물에 광고 정말많이나오길래 가봤는데 기대이하. 어르신들은 음식이 단거 싫어하므로 가족외식용으로는 비추. 근데 젊은 제게도 너무 달아요. 육수맛만 바뀌면 추천할 만 한 먹을만 한 식당.",0
80,,1
80,,1
100,넘 맛있어용 대기줄 길고 내부는 평범한 고깃집이라 환기는 좀 안되네요 ㅎㅎ,1
100,여기 맛있습니다,1
100,고기에 칼집+초벌구이해서 나와요. 정말 부드럽고 맛있습니다. 날씨좋으면 야외에서 먹을 수도 있구요  길냥이 돌보시는듯 한데 길냥이가 소나무타고 올라가고ㅋㅋㅋ 너무 귀엽고 재밌었어요. 2인이상 시키면 된장라면이랑 껍데기 서비스입니다.,1
100,넘 맛있어용 대기줄 길고 내부는 평범한 고깃집이라 환기는 좀 안되네요 ㅎㅎ,1
100,여기 맛있습니다,1
100,고기에 칼집+초벌구이해서 나와요. 정말 부드럽고 맛있습니다. 날씨좋으면 야외에서 먹을 수도 있구요  길냥이 돌보시는듯 한데 길냥이가 소나무타고 올라가고ㅋㅋㅋ 너무 귀엽고 재밌었어요. 2인이상 시키면 된장라면이랑 껍데기 서비스입니다.,1
100,여기 리뷰보고 갔는데 지리네요개맛집 항정살 미칩니다,1
100,칼집이 나있어서 씹기 편했고 고기 상태도 좋았어요.반찬구성이 다양하고 서비스로 돼지껍데기도 나와서 잘 먹었어요!,1
80,,1
100,초벌구이해줌. 대박. 맛있음. 다음에 또 오고 싶음.,1
100,대존맛 사장님이신지 직원분들 인상은 좀 불친절하실것처럼 보이는데 엄청 친절하심 무엇보다...고기 질이 미쳤음 너무 맛잇음,1
100,넘 맛있어용 대기줄 길고 내부는 평범한 고깃집이라 환기는 좀 안되네요 ㅎㅎ,1
100,여기 맛있습니다,1
100,고기에 칼집+초벌구이해서 나와요. 정말 부드럽고 맛있습니다. 날씨좋으면 야외에서 먹을 수도 있구요  길냥이 돌보시는듯 한데 길냥이가 소나무타고 올라가고ㅋㅋㅋ 너무 귀엽고 재밌었어요. 2인이상 시키면 된장라면이랑 껍데기 서비스입니다.,1
100,여기 리뷰보고 갔는데 지리네요개맛집 항정살 미칩니다,1
100,칼집이 나있어서 씹기 편했고 고기 상태도 좋았어요.반찬구성이 다양하고 서비스로 돼지껍데기도 나와서 잘 먹었어요!,1
80,,1
100,초벌구이해줌. 대박. 맛있음. 다음에 또 오고 싶음.,1
100,대존맛 사장님이신지 직원분들 인상은 좀 불친절하실것처럼 보이는데 엄청 친절하심 무엇보다...고기 질이 미쳤음 너무 맛잇음,1
100,고기 완전 맛있음 굳굳 금요일 저녁은 웨이팅 잇음,1
100,진짜맛있어서짜증남 끝.,1
100,개 맛 남,1
100,직원분들이 가족일까? 외모도 비슷한 느낌이시고 또 똑같이 전부다 친절하심.. 게다가 초벌해나온 고기도 존맛탱 가산에 또 들릴일이 있으면 무조건 재방문할 예정,1
80,"가성비가 좋은편. 재방문 의사 있음.고기가격이 합리적이라기보다는(이지역 다른 곳도 이정도 양 이정도 가격이거나 여기가 약간 좋은정도임) 전체적으로 양이 많음. 고기양도 나름 넉넉한 편이지만, 3인분이나 세트메뉴만시켜도 된장라면, 계란찜, 주먹밥이 나옴. 기본반찬으로 껍데기볶음도 나와서 이미 고기먹기전 상당한 양을 먹게됨..소곱창은 별로였음. 곱도 없고 양념?이되어 나오는건지 불판에 올리기무섭게 쉽게탐.. 손이 가는데도 곱창 특유의 맛이 안나서 아쉬움. 다음에오면 돼지고기로만 단품 시킬 예정.모든 직원이 기본 혹은 친절했음. 친절을 바라진 않지만 불친절하지만 않으면 된다고 생각하는 편임. 인터넷 후기 많은 곳 치고 직원분들 좋았음.",1
100,넘 맛있어용 대기줄 길고 내부는 평범한 고깃집이라 환기는 좀 안되네요 ㅎㅎ,1
100,여기 맛있습니다,1
100,고기에 칼집+초벌구이해서 나와요. 정말 부드럽고 맛있습니다. 날씨좋으면 야외에서 먹을 수도 있구요  길냥이 돌보시는듯 한데 길냥이가 소나무타고 올라가고ㅋㅋㅋ 너무 귀엽고 재밌었어요. 2인이상 시키면 된장라면이랑 껍데기 서비스입니다.,1
100,여기 리뷰보고 갔는데 지리네요개맛집 항정살 미칩니다,1
100,칼집이 나있어서 씹기 편했고 고기 상태도 좋았어요.반찬구성이 다양하고 서비스로 돼지껍데기도 나와서 잘 먹었어요!,1
80,,1
100,초벌구이해줌. 대박. 맛있음. 다음에 또 오고 싶음.,1
100,대존맛 사장님이신지 직원분들 인상은 좀 불친절하실것처럼 보이는데 엄청 친절하심 무엇보다...고기 질이 미쳤음 너무 맛잇음,1
100,고기 완전 맛있음 굳굳 금요일 저녁은 웨이팅 잇음,1
100,진짜맛있어서짜증남 끝.,1
100,개 맛 남,1
100,직원분들이 가족일까? 외모도 비슷한 느낌이시고 또 똑같이 전부다 친절하심.. 게다가 초벌해나온 고기도 존맛탱 가산에 또 들릴일이 있으면 무조건 재방문할 예정,1
80,"가성비가 좋은편. 재방문 의사 있음.고기가격이 합리적이라기보다는(이지역 다른 곳도 이정도 양 이정도 가격이거나 여기가 약간 좋은정도임) 전체적으로 양이 많음. 고기양도 나름 넉넉한 편이지만, 3인분이나 세트메뉴만시켜도 된장라면, 계란찜, 주먹밥이 나옴. 기본반찬으로 껍데기볶음도 나와서 이미 고기먹기전 상당한 양을 먹게됨..소곱창은 별로였음. 곱도 없고 양념?이되어 나오는건지 불판에 올리기무섭게 쉽게탐.. 손이 가는데도 곱창 특유의 맛이 안나서 아쉬움. 다음에오면 돼지고기로만 단품 시킬 예정.모든 직원이 기본 혹은 친절했음. 친절을 바라진 않지만 불친절하지만 않으면 된다고 생각하는 편임. 인터넷 후기 많은 곳 치고 직원분들 좋았음.",1
100,삼겹살 진짜 맛있게 먹었습니다,1
100,삼겹살 성지,1
80,여러 메뉴가 한번에!,1
80,,1
100,넘 맛있어용 대기줄 길고 내부는 평범한 고깃집이라 환기는 좀 안되네요 ㅎㅎ,1
100,여기 맛있습니다,1
100,고기에 칼집+초벌구이해서 나와요. 정말 부드럽고 맛있습니다. 날씨좋으면 야외에서 먹을 수도 있구요  길냥이 돌보시는듯 한데 길냥이가 소나무타고 올라가고ㅋㅋㅋ 너무 귀엽고 재밌었어요. 2인이상 시키면 된장라면이랑 껍데기 서비스입니다.,1
100,여기 리뷰보고 갔는데 지리네요개맛집 항정살 미칩니다,1
100,칼집이 나있어서 씹기 편했고 고기 상태도 좋았어요.반찬구성이 다양하고 서비스로 돼지껍데기도 나와서 잘 먹었어요!,1
80,,1
100,초벌구이해줌. 대박. 맛있음. 다음에 또 오고 싶음.,1
100,대존맛 사장님이신지 직원분들 인상은 좀 불친절하실것처럼 보이는데 엄청 친절하심 무엇보다...고기 질이 미쳤음 너무 맛잇음,1
100,고기 완전 맛있음 굳굳 금요일 저녁은 웨이팅 잇음,1
100,진짜맛있어서짜증남 끝.,1
100,개 맛 남,1
100,직원분들이 가족일까? 외모도 비슷한 느낌이시고 또 똑같이 전부다 친절하심.. 게다가 초벌해나온 고기도 존맛탱 가산에 또 들릴일이 있으면 무조건 재방문할 예정,1
80,"가성비가 좋은편. 재방문 의사 있음.고기가격이 합리적이라기보다는(이지역 다른 곳도 이정도 양 이정도 가격이거나 여기가 약간 좋은정도임) 전체적으로 양이 많음. 고기양도 나름 넉넉한 편이지만, 3인분이나 세트메뉴만시켜도 된장라면, 계란찜, 주먹밥이 나옴. 기본반찬으로 껍데기볶음도 나와서 이미 고기먹기전 상당한 양을 먹게됨..소곱창은 별로였음. 곱도 없고 양념?이되어 나오는건지 불판에 올리기무섭게 쉽게탐.. 손이 가는데도 곱창 특유의 맛이 안나서 아쉬움. 다음에오면 돼지고기로만 단품 시킬 예정.모든 직원이 기본 혹은 친절했음. 친절을 바라진 않지만 불친절하지만 않으면 된다고 생각하는 편임. 인터넷 후기 많은 곳 치고 직원분들 좋았음.",1
100,삼겹살 진짜 맛있게 먹었습니다,1
100,삼겹살 성지,1
80,여러 메뉴가 한번에!,1
80,,1
100,너어무 맛있었어요! 군만두 마파두부 볶음밥 지금도 생각나요…,1
100,저렴하고 너무 맛있습니다. 하얼빈과 함께먹은 육즙터지는 만두의맛... 마파두부도 맛있고 가지볶음도 너무 맛있었습니다.,1
100,내가 먹어본 만두중 가장 중국만두에 가까운만두 친~차이만두.,1
100,너어무 맛있었어요! 군만두 마파두부 볶음밥 지금도 생각나요…,1
100,저렴하고 너무 맛있습니다. 하얼빈과 함께먹은 육즙터지는 만두의맛... 마파두부도 맛있고 가지볶음도 너무 맛있었습니다.,1
100,내가 먹어본 만두중 가장 중국만두에 가까운만두 친~차이만두.,1
80,,1
80,시그니처 메뉴라 할 수 있는 소룡포는 만두피가 두꺼워서 호불호가 갈리는 반면 군만두는 대체로 인기가 높은것 같다. 대패삼겹살 같은 즈란 양고기와 시원한 완탕의 조합도 괜찮았고 무엇보다 음식 딜리버리는 5G급이다.,1
80,말이 필요 없는 진짜 군만두~♡,1
80,군만두 물만두 그 뭐지 얇은 만두가 들어간 국? 그리고 마파두부 먹었어요저는 괜찮았는데 지인은 향신료가 너무 강하다고 힘들어했네요 얇은 만두피국? 에는 고수가 들어가요,1
100,군만두 꿔바로우 볶음밥,1
100,너어무 맛있었어요! 군만두 마파두부 볶음밥 지금도 생각나요…,1
100,저렴하고 너무 맛있습니다. 하얼빈과 함께먹은 육즙터지는 만두의맛... 마파두부도 맛있고 가지볶음도 너무 맛있었습니다.,1
100,내가 먹어본 만두중 가장 중국만두에 가까운만두 친~차이만두.,1
80,,1
80,시그니처 메뉴라 할 수 있는 소룡포는 만두피가 두꺼워서 호불호가 갈리는 반면 군만두는 대체로 인기가 높은것 같다. 대패삼겹살 같은 즈란 양고기와 시원한 완탕의 조합도 괜찮았고 무엇보다 음식 딜리버리는 5G급이다.,1
80,말이 필요 없는 진짜 군만두~♡,1
80,군만두 물만두 그 뭐지 얇은 만두가 들어간 국? 그리고 마파두부 먹었어요저는 괜찮았는데 지인은 향신료가 너무 강하다고 힘들어했네요 얇은 만두피국? 에는 고수가 들어가요,1
100,군만두 꿔바로우 볶음밥,1
100,"군만두,양 샤브샤브 정말 맛있게 먹음어향가지도 기대했는데 살짝 내 스타일 아님",1
100,군만두와 마파두부가 정말 맛있고 가격도 정말 싸요. 따로 주차는 힘들어서 자차로는 근처에 볼일보러 갔을때 가면 좋을것같습니다.,1
100,가성비 짱짱 맛집 평일에는 줄서야해서 큰맘먹고 몇번씩 가는데 다른데에비해 저렴하고 맛있습니다! 만두먹으러 또 가고싶네요,1
100,뭐예요 이런 맛집이 내 앞에 있었다니? 갠적으로 군만두보다 소룡포가 더 맛있었네요 3명이서 순삭했어요 그리고 다들 마파두부 먹는 이유가 있었네요 지금껏 먹던 마파두부는 짭이었음을,1
100,가성비 진짜 좋음다 맛있음ㅇ골목이 좀 무서움,1
100,너어무 맛있었어요! 군만두 마파두부 볶음밥 지금도 생각나요…,1
100,저렴하고 너무 맛있습니다. 하얼빈과 함께먹은 육즙터지는 만두의맛... 마파두부도 맛있고 가지볶음도 너무 맛있었습니다.,1
100,내가 먹어본 만두중 가장 중국만두에 가까운만두 친~차이만두.,1
80,,1
80,시그니처 메뉴라 할 수 있는 소룡포는 만두피가 두꺼워서 호불호가 갈리는 반면 군만두는 대체로 인기가 높은것 같다. 대패삼겹살 같은 즈란 양고기와 시원한 완탕의 조합도 괜찮았고 무엇보다 음식 딜리버리는 5G급이다.,1
80,말이 필요 없는 진짜 군만두~♡,1
80,군만두 물만두 그 뭐지 얇은 만두가 들어간 국? 그리고 마파두부 먹었어요저는 괜찮았는데 지인은 향신료가 너무 강하다고 힘들어했네요 얇은 만두피국? 에는 고수가 들어가요,1
100,군만두 꿔바로우 볶음밥,1
100,"군만두,양 샤브샤브 정말 맛있게 먹음어향가지도 기대했는데 살짝 내 스타일 아님",1
100,군만두와 마파두부가 정말 맛있고 가격도 정말 싸요. 따로 주차는 힘들어서 자차로는 근처에 볼일보러 갔을때 가면 좋을것같습니다.,1
100,가성비 짱짱 맛집 평일에는 줄서야해서 큰맘먹고 몇번씩 가는데 다른데에비해 저렴하고 맛있습니다! 만두먹으러 또 가고싶네요,1
100,뭐예요 이런 맛집이 내 앞에 있었다니? 갠적으로 군만두보다 소룡포가 더 맛있었네요 3명이서 순삭했어요 그리고 다들 마파두부 먹는 이유가 있었네요 지금껏 먹던 마파두부는 짭이었음을,1
100,가성비 진짜 좋음다 맛있음ㅇ골목이 좀 무서움,1
60,군만두와 마파두부가 매력적인곳 가성비가 괜찮음 일부러 방문할 정도는 아니고아웃렛 온 김에 한번 들러보면 좋을곳,0
40,군만두 마파두부 볶음밥 먹엇는데 딱히 다시 먹고 싶진 않음,0
80,"군만두는 짭쪼롬 잼있는 맛임. 10개 먹으면 1~2개에선 향이 나지만 초보자도 먹을 수 있는 맛마파두부는 예상보다 마싯고, 부담없음. 향도 괜찮음.맥주는 아주 시원하지는 않아 시원함을 기대하고 먹으면 안됨.아울렛 쇼핑을 온다면 올만한 곳ㅎㅎ담엔 가지튀김볶음 먹어보고 싶음",1
20,"2022. 6. 223년 5개월 여만에 다시 찾았다. 가게는 맞은 편으로 이전했고, 깨끗해졌다. 만두를 잘 하는 건 예나 지금이나 마찬가지인데, 디테일은 아주 나빠졌다. 예전에 없던 생맥주가 보아길래 곁들이려고 주문했더니, 생맥주 피처에 먼저 맥주를 따라 놓고 그걸 다시 유리잔에 옮겨담는 세상 어디에서도 본 적 없는 짓을 자행한다. 생맥주의 로스를 줄이려는 얄팍한 술수인 셈이다  이렇게 따라낸 생맥주는 맛이 있을 수 없다. 그 뿐이 아니다. 종업원에게 고수를 좀 줄 수 있느냐고 물었더니 말이 채 끝나기도 전에 ""고수 없어요""라는 신경질적이고 날이 바짝 선 말투가 돌아왔다. 이 가게에 고수가 없다고? 정말? 추가요금을 받고 내주면 될 일을 이렇게 응대한다. 이들이 배가 부른 탓이리라.",0
60,,0
100,너어무 맛있었어요! 군만두 마파두부 볶음밥 지금도 생각나요…,1
100,저렴하고 너무 맛있습니다. 하얼빈과 함께먹은 육즙터지는 만두의맛... 마파두부도 맛있고 가지볶음도 너무 맛있었습니다.,1
100,내가 먹어본 만두중 가장 중국만두에 가까운만두 친~차이만두.,1
80,,1
80,시그니처 메뉴라 할 수 있는 소룡포는 만두피가 두꺼워서 호불호가 갈리는 반면 군만두는 대체로 인기가 높은것 같다. 대패삼겹살 같은 즈란 양고기와 시원한 완탕의 조합도 괜찮았고 무엇보다 음식 딜리버리는 5G급이다.,1
80,말이 필요 없는 진짜 군만두~♡,1
80,군만두 물만두 그 뭐지 얇은 만두가 들어간 국? 그리고 마파두부 먹었어요저는 괜찮았는데 지인은 향신료가 너무 강하다고 힘들어했네요 얇은 만두피국? 에는 고수가 들어가요,1
100,군만두 꿔바로우 볶음밥,1
100,"군만두,양 샤브샤브 정말 맛있게 먹음어향가지도 기대했는데 살짝 내 스타일 아님",1
100,군만두와 마파두부가 정말 맛있고 가격도 정말 싸요. 따로 주차는 힘들어서 자차로는 근처에 볼일보러 갔을때 가면 좋을것같습니다.,1
100,가성비 짱짱 맛집 평일에는 줄서야해서 큰맘먹고 몇번씩 가는데 다른데에비해 저렴하고 맛있습니다! 만두먹으러 또 가고싶네요,1
100,뭐예요 이런 맛집이 내 앞에 있었다니? 갠적으로 군만두보다 소룡포가 더 맛있었네요 3명이서 순삭했어요 그리고 다들 마파두부 먹는 이유가 있었네요 지금껏 먹던 마파두부는 짭이었음을,1
100,가성비 진짜 좋음다 맛있음ㅇ골목이 좀 무서움,1
60,군만두와 마파두부가 매력적인곳 가성비가 괜찮음 일부러 방문할 정도는 아니고아웃렛 온 김에 한번 들러보면 좋을곳,0
40,군만두 마파두부 볶음밥 먹엇는데 딱히 다시 먹고 싶진 않음,0
80,"군만두는 짭쪼롬 잼있는 맛임. 10개 먹으면 1~2개에선 향이 나지만 초보자도 먹을 수 있는 맛마파두부는 예상보다 마싯고, 부담없음. 향도 괜찮음.맥주는 아주 시원하지는 않아 시원함을 기대하고 먹으면 안됨.아울렛 쇼핑을 온다면 올만한 곳ㅎㅎ담엔 가지튀김볶음 먹어보고 싶음",1
20,"2022. 6. 223년 5개월 여만에 다시 찾았다. 가게는 맞은 편으로 이전했고, 깨끗해졌다. 만두를 잘 하는 건 예나 지금이나 마찬가지인데, 디테일은 아주 나빠졌다. 예전에 없던 생맥주가 보아길래 곁들이려고 주문했더니, 생맥주 피처에 먼저 맥주를 따라 놓고 그걸 다시 유리잔에 옮겨담는 세상 어디에서도 본 적 없는 짓을 자행한다. 생맥주의 로스를 줄이려는 얄팍한 술수인 셈이다  이렇게 따라낸 생맥주는 맛이 있을 수 없다. 그 뿐이 아니다. 종업원에게 고수를 좀 줄 수 있느냐고 물었더니 말이 채 끝나기도 전에 ""고수 없어요""라는 신경질적이고 날이 바짝 선 말투가 돌아왔다. 이 가게에 고수가 없다고? 정말? 추가요금을 받고 내주면 될 일을 이렇게 응대한다. 이들이 배가 부른 탓이리라.",0
60,,0
80,맛있자나다만족아주조금짬마파두부쫀맛계란볶음밥굳다음엔건두부랑가지튀김도전,1
80,11시 조금 넘어 점심시간 전에 일찍가니 기다리지 않았어요 군만두 육즙 가득 맛있게 먹었습니다 눈띠용할 맛까지는 아님 ㅎㅎ,1
100,ㅠㅜ 7월4일부터 7일까지 휴가랍니다 헛걸음하지마시길,1
80,군만두..너무 맛있고 흑초에 고춧가루 듬뿍+간마늘 듬뿍+식초 약간..이렇게해서 군만두에 넣어먹으면 죤맛ㅠㅠㅠㅠ기다려야하는 수고스러움도 감수하긴하나..한국말 잘하는 직원이 없고 불친절하고 엄청 깨끗한 것 같진 않으나 군만두에 소스해서 먹으면 천국임..사진은 내 최애 메뉴들ㅋㅋ 가면 꼭 시켜먹음 ㅎ,1
100,군만두 인정! 두접시 클리어. 향도 강하지 않고 간도 심심하고 물리지 않는 맛입니다. 마파두부는 기름으로 볶은 남자스퇄. 계란볶음밥이 공기밥 대신. 짜사이 음청 짭니다.,1
80,미션: 김치의 유혹에서 벗어나시오 따라나오는 국수 유혹에서도 벗어나시오,1
100,갈비찜 너무 맛있고 서비스 너무 훌륭하고 소주 살살 녹고,1
100,,1
80,미션: 김치의 유혹에서 벗어나시오 따라나오는 국수 유혹에서도 벗어나시오,1
100,갈비찜 너무 맛있고 서비스 너무 훌륭하고 소주 살살 녹고,1
100,,1
60,"21년 7월 3주차에 방문혼자 기억하려고 쓰는 주관적인 방문기평균 3.5점평균 1점 최악 2점 비추천 3점 추천 4점 강력 추천 5점 업계 최고세부항목도가니탕(14000원)맛 4점 양 3.5점 가격 2.5점 서비스 4점(무료 국수)사람들이 많은데 직원들이 당황하지 않고 적절히 안내하고 생각보다는 분위기가 깔끔하다.국수가 있어서 든든하게 먹을 수 있다.맛 ㅡ 주관적인 입맛 평가양 ㅡ 요리는 2명, 단품 1명 기준가격 ㅡ 먹자마자 같은 음식끼리 내적 시세서비스 ㅡ 점원 친절도, 기타 무료 시식당 1점점수별 평가맛 없음 / 별로 / 보통 / 괜찮 / 최고양 아주 적음(35%) / 적음(70%) / 보통 / 많음(135%) / 아주 많음(170%)가격 비쌈(160%) / 조금 비쌈(130%) / 적당 / 조금 저렴(80%) /저렴(60%)서비스 불쾌 / 나쁨 / 보통 / 좋음 / 최고",0
60,밥도 주고 사리 면도 줘요. 다 먹으면 배불러요. 깔끔하게 먹기 좋아요,0
80,양지곰탕 7000원 ->8000원 오름.특곰탕 9000 -> 10000,1
60,포장에 특화가 되어있음,0
20,사장있는 날이랑 종업원만 있는날이 다름. 사장있는 날은 매우 만족. 종업원만 있는날은 4명이 갔는데 2명씩 따로 앉으라고 강요함. 불러도 대답만 하고 안옴.  여기는 종업원들이 문제인듯,0
80,미션: 김치의 유혹에서 벗어나시오 따라나오는 국수 유혹에서도 벗어나시오,1
100,갈비찜 너무 맛있고 서비스 너무 훌륭하고 소주 살살 녹고,1
100,,1
60,"21년 7월 3주차에 방문혼자 기억하려고 쓰는 주관적인 방문기평균 3.5점평균 1점 최악 2점 비추천 3점 추천 4점 강력 추천 5점 업계 최고세부항목도가니탕(14000원)맛 4점 양 3.5점 가격 2.5점 서비스 4점(무료 국수)사람들이 많은데 직원들이 당황하지 않고 적절히 안내하고 생각보다는 분위기가 깔끔하다.국수가 있어서 든든하게 먹을 수 있다.맛 ㅡ 주관적인 입맛 평가양 ㅡ 요리는 2명, 단품 1명 기준가격 ㅡ 먹자마자 같은 음식끼리 내적 시세서비스 ㅡ 점원 친절도, 기타 무료 시식당 1점점수별 평가맛 없음 / 별로 / 보통 / 괜찮 / 최고양 아주 적음(35%) / 적음(70%) / 보통 / 많음(135%) / 아주 많음(170%)가격 비쌈(160%) / 조금 비쌈(130%) / 적당 / 조금 저렴(80%) /저렴(60%)서비스 불쾌 / 나쁨 / 보통 / 좋음 / 최고",0
60,밥도 주고 사리 면도 줘요. 다 먹으면 배불러요. 깔끔하게 먹기 좋아요,0
80,양지곰탕 7000원 ->8000원 오름.특곰탕 9000 -> 10000,1
60,포장에 특화가 되어있음,0
20,사장있는 날이랑 종업원만 있는날이 다름. 사장있는 날은 매우 만족. 종업원만 있는날은 4명이 갔는데 2명씩 따로 앉으라고 강요함. 불러도 대답만 하고 안옴.  여기는 종업원들이 문제인듯,0
40,,0
20,눈앞에서 불러도 쳐다도 안보는 종업원이 문제임.아침일찍 갔는데 사장이 없어서 그런가? 암튼주문하려고 손님이 불러도 대꾸도 쳐다보지도 않음.진짜로 한걸음 앞까지가서 불러도 안쳐다봄.이런 어이없는 경우는 살다가 처음임.오히려 가게안 손님들이 다 쳐다볼정도임.청각장애를 가진 사람이면 이해하겠는데 그게 아니라면 심각한 문제가 있음.결국은 주문도 못하고 옆집인 김밥천국감~,0
80,"괜찮은 가격, 맛있는 맛, 양도 많음, 면 사리 공짜~~ 김치도 맛남.",1
100,갈비탕 짱 맛있어요~~!중면 무한리필,1
100,수육 대박,1
80,미션: 김치의 유혹에서 벗어나시오 따라나오는 국수 유혹에서도 벗어나시오,1
100,갈비찜 너무 맛있고 서비스 너무 훌륭하고 소주 살살 녹고,1
100,,1
60,"21년 7월 3주차에 방문혼자 기억하려고 쓰는 주관적인 방문기평균 3.5점평균 1점 최악 2점 비추천 3점 추천 4점 강력 추천 5점 업계 최고세부항목도가니탕(14000원)맛 4점 양 3.5점 가격 2.5점 서비스 4점(무료 국수)사람들이 많은데 직원들이 당황하지 않고 적절히 안내하고 생각보다는 분위기가 깔끔하다.국수가 있어서 든든하게 먹을 수 있다.맛 ㅡ 주관적인 입맛 평가양 ㅡ 요리는 2명, 단품 1명 기준가격 ㅡ 먹자마자 같은 음식끼리 내적 시세서비스 ㅡ 점원 친절도, 기타 무료 시식당 1점점수별 평가맛 없음 / 별로 / 보통 / 괜찮 / 최고양 아주 적음(35%) / 적음(70%) / 보통 / 많음(135%) / 아주 많음(170%)가격 비쌈(160%) / 조금 비쌈(130%) / 적당 / 조금 저렴(80%) /저렴(60%)서비스 불쾌 / 나쁨 / 보통 / 좋음 / 최고",0
60,밥도 주고 사리 면도 줘요. 다 먹으면 배불러요. 깔끔하게 먹기 좋아요,0
80,양지곰탕 7000원 ->8000원 오름.특곰탕 9000 -> 10000,1
60,포장에 특화가 되어있음,0
20,사장있는 날이랑 종업원만 있는날이 다름. 사장있는 날은 매우 만족. 종업원만 있는날은 4명이 갔는데 2명씩 따로 앉으라고 강요함. 불러도 대답만 하고 안옴.  여기는 종업원들이 문제인듯,0
40,,0
20,눈앞에서 불러도 쳐다도 안보는 종업원이 문제임.아침일찍 갔는데 사장이 없어서 그런가? 암튼주문하려고 손님이 불러도 대꾸도 쳐다보지도 않음.진짜로 한걸음 앞까지가서 불러도 안쳐다봄.이런 어이없는 경우는 살다가 처음임.오히려 가게안 손님들이 다 쳐다볼정도임.청각장애를 가진 사람이면 이해하겠는데 그게 아니라면 심각한 문제가 있음.결국은 주문도 못하고 옆집인 김밥천국감~,0
80,"괜찮은 가격, 맛있는 맛, 양도 많음, 면 사리 공짜~~ 김치도 맛남.",1
100,갈비탕 짱 맛있어요~~!중면 무한리필,1
100,수육 대박,1
60,,0
80,미션: 김치의 유혹에서 벗어나시오 따라나오는 국수 유혹에서도 벗어나시오,1
100,갈비찜 너무 맛있고 서비스 너무 훌륭하고 소주 살살 녹고,1
100,,1
60,"21년 7월 3주차에 방문혼자 기억하려고 쓰는 주관적인 방문기평균 3.5점평균 1점 최악 2점 비추천 3점 추천 4점 강력 추천 5점 업계 최고세부항목도가니탕(14000원)맛 4점 양 3.5점 가격 2.5점 서비스 4점(무료 국수)사람들이 많은데 직원들이 당황하지 않고 적절히 안내하고 생각보다는 분위기가 깔끔하다.국수가 있어서 든든하게 먹을 수 있다.맛 ㅡ 주관적인 입맛 평가양 ㅡ 요리는 2명, 단품 1명 기준가격 ㅡ 먹자마자 같은 음식끼리 내적 시세서비스 ㅡ 점원 친절도, 기타 무료 시식당 1점점수별 평가맛 없음 / 별로 / 보통 / 괜찮 / 최고양 아주 적음(35%) / 적음(70%) / 보통 / 많음(135%) / 아주 많음(170%)가격 비쌈(160%) / 조금 비쌈(130%) / 적당 / 조금 저렴(80%) /저렴(60%)서비스 불쾌 / 나쁨 / 보통 / 좋음 / 최고",0
60,밥도 주고 사리 면도 줘요. 다 먹으면 배불러요. 깔끔하게 먹기 좋아요,0
80,양지곰탕 7000원 ->8000원 오름.특곰탕 9000 -> 10000,1
60,포장에 특화가 되어있음,0
20,사장있는 날이랑 종업원만 있는날이 다름. 사장있는 날은 매우 만족. 종업원만 있는날은 4명이 갔는데 2명씩 따로 앉으라고 강요함. 불러도 대답만 하고 안옴.  여기는 종업원들이 문제인듯,0
40,,0
20,눈앞에서 불러도 쳐다도 안보는 종업원이 문제임.아침일찍 갔는데 사장이 없어서 그런가? 암튼주문하려고 손님이 불러도 대꾸도 쳐다보지도 않음.진짜로 한걸음 앞까지가서 불러도 안쳐다봄.이런 어이없는 경우는 살다가 처음임.오히려 가게안 손님들이 다 쳐다볼정도임.청각장애를 가진 사람이면 이해하겠는데 그게 아니라면 심각한 문제가 있음.결국은 주문도 못하고 옆집인 김밥천국감~,0
80,"괜찮은 가격, 맛있는 맛, 양도 많음, 면 사리 공짜~~ 김치도 맛남.",1
100,갈비탕 짱 맛있어요~~!중면 무한리필,1
100,수육 대박,1
60,,0
80,"트리보러 가는 곳넓은데 사람 많음빵은 다 맛있었는데, 오히려 커피는 아쉬움",1
80,동네라 자주 가는데 어쩔땐 친절하고 어쩔땐 불친절하고 알바바이알바인듯 ㅋㅋㅋ 근데 마감직전에 갔을땐 사장님인 것 같은데 친절하셨다.. 카페가 크고 디저트나 음료도 다양해서 딱히 갈데는 없는데 데이트 기분 내면서 밖에 있고 싶을땐 여기를 들리는 것 같다🎄디저트랑 음료 모두 평타~.~ 저 로비앞에서 남자는 하나같이 여친 찍어주고 있고 ㅋㅋㅋ 나름 가산을 대표하는 카페인건 확실~,1
20,"카페 분위기는 좋으나 디저트 준비하는 곳에서 일하시는 여자 알바가 너무 싸가지 없어서 기분 다 망쳤습니다 ^^인원이 많아 테이블 두개로 나눠 앉아서 두개의 트레이에 디저트를 나눠 담고 한번에 결제했는데주문서도 잘 안보고 준비하는지.. 트레이 둘 다 챙겨가려하니 그쪽거 아니라고 하길래 저희꺼 맞아요~라고 하니 아니라고요;라고 하며 못 가져가게 해서 저희가 시킨거 맞고 나눠서 담았다니까 주문서도 다시 찾아보지않는 완강한 태도와 싸가지없는 말투오로 그쪽 테이블거 아니라고요!;;하며 무시하듯 답변몇번을 맞다 아니다로 할게 아니라 이쯤되면 주문서 한번 다시 볼법도 하지않나요?ㅎㅎ..어찌나 황당하던지..버터바 두개시켰는데 하나밖에 없고 저희가 시킨게 맞다니까 그제서야 주문서 보더니 다른 테이블 다른 디저트 주문서를 밑에 끼워두고는 이게 뭐야..라며 당황하시더라고요.끝까지 단 한마디의 사과도 받진 못했습니다^^몇번을 맞다고 하면 적어도 주문서를 다시 한번 보실 생각은 없으신가요? 무시하는 듯한 말투, 째려보는 눈, 뭐 엄청난 친절과 서비스를 바라며 카페를 가진 않으나.. 아무리 그래도 본인이 착각하신거면 적어도 사과는 하셨어야하는 거 아닌가 싶습니다.",0
80,"트리보러 가는 곳넓은데 사람 많음빵은 다 맛있었는데, 오히려 커피는 아쉬움",1
80,동네라 자주 가는데 어쩔땐 친절하고 어쩔땐 불친절하고 알바바이알바인듯 ㅋㅋㅋ 근데 마감직전에 갔을땐 사장님인 것 같은데 친절하셨다.. 카페가 크고 디저트나 음료도 다양해서 딱히 갈데는 없는데 데이트 기분 내면서 밖에 있고 싶을땐 여기를 들리는 것 같다🎄디저트랑 음료 모두 평타~.~ 저 로비앞에서 남자는 하나같이 여친 찍어주고 있고 ㅋㅋㅋ 나름 가산을 대표하는 카페인건 확실~,1
20,"카페 분위기는 좋으나 디저트 준비하는 곳에서 일하시는 여자 알바가 너무 싸가지 없어서 기분 다 망쳤습니다 ^^인원이 많아 테이블 두개로 나눠 앉아서 두개의 트레이에 디저트를 나눠 담고 한번에 결제했는데주문서도 잘 안보고 준비하는지.. 트레이 둘 다 챙겨가려하니 그쪽거 아니라고 하길래 저희꺼 맞아요~라고 하니 아니라고요;라고 하며 못 가져가게 해서 저희가 시킨거 맞고 나눠서 담았다니까 주문서도 다시 찾아보지않는 완강한 태도와 싸가지없는 말투오로 그쪽 테이블거 아니라고요!;;하며 무시하듯 답변몇번을 맞다 아니다로 할게 아니라 이쯤되면 주문서 한번 다시 볼법도 하지않나요?ㅎㅎ..어찌나 황당하던지..버터바 두개시켰는데 하나밖에 없고 저희가 시킨게 맞다니까 그제서야 주문서 보더니 다른 테이블 다른 디저트 주문서를 밑에 끼워두고는 이게 뭐야..라며 당황하시더라고요.끝까지 단 한마디의 사과도 받진 못했습니다^^몇번을 맞다고 하면 적어도 주문서를 다시 한번 보실 생각은 없으신가요? 무시하는 듯한 말투, 째려보는 눈, 뭐 엄청난 친절과 서비스를 바라며 카페를 가진 않으나.. 아무리 그래도 본인이 착각하신거면 적어도 사과는 하셨어야하는 거 아닌가 싶습니다.",0
80,"트리보러 가는 곳넓은데 사람 많음빵은 다 맛있었는데, 오히려 커피는 아쉬움",1
80,동네라 자주 가는데 어쩔땐 친절하고 어쩔땐 불친절하고 알바바이알바인듯 ㅋㅋㅋ 근데 마감직전에 갔을땐 사장님인 것 같은데 친절하셨다.. 카페가 크고 디저트나 음료도 다양해서 딱히 갈데는 없는데 데이트 기분 내면서 밖에 있고 싶을땐 여기를 들리는 것 같다🎄디저트랑 음료 모두 평타~.~ 저 로비앞에서 남자는 하나같이 여친 찍어주고 있고 ㅋㅋㅋ 나름 가산을 대표하는 카페인건 확실~,1
20,"카페 분위기는 좋으나 디저트 준비하는 곳에서 일하시는 여자 알바가 너무 싸가지 없어서 기분 다 망쳤습니다 ^^인원이 많아 테이블 두개로 나눠 앉아서 두개의 트레이에 디저트를 나눠 담고 한번에 결제했는데주문서도 잘 안보고 준비하는지.. 트레이 둘 다 챙겨가려하니 그쪽거 아니라고 하길래 저희꺼 맞아요~라고 하니 아니라고요;라고 하며 못 가져가게 해서 저희가 시킨거 맞고 나눠서 담았다니까 주문서도 다시 찾아보지않는 완강한 태도와 싸가지없는 말투오로 그쪽 테이블거 아니라고요!;;하며 무시하듯 답변몇번을 맞다 아니다로 할게 아니라 이쯤되면 주문서 한번 다시 볼법도 하지않나요?ㅎㅎ..어찌나 황당하던지..버터바 두개시켰는데 하나밖에 없고 저희가 시킨게 맞다니까 그제서야 주문서 보더니 다른 테이블 다른 디저트 주문서를 밑에 끼워두고는 이게 뭐야..라며 당황하시더라고요.끝까지 단 한마디의 사과도 받진 못했습니다^^몇번을 맞다고 하면 적어도 주문서를 다시 한번 보실 생각은 없으신가요? 무시하는 듯한 말투, 째려보는 눈, 뭐 엄청난 친절과 서비스를 바라며 카페를 가진 않으나.. 아무리 그래도 본인이 착각하신거면 적어도 사과는 하셨어야하는 거 아닌가 싶습니다.",0
100,빵 맛있음,1
100,트리가 너모 예뻐요ㅠㅠㅜㅜ♡♡♡사실 트리만 보고 방문했는데커피랑 빵도 맛있고카페 내부가 넓어서 손님들 많아도쾌적하더라구요토요일 6시 방문했는데 사람들이 많지 않아여유있게 커피마시고 사진찍고 놀다왔네요주차 자리 협소하니 주변 건물 주차장에주차하세요~ 그게 훨씬 낫습니당...!참고로 바로 옆 건물 주차비 3시간에 4천원입니다. 연말 분위기 느끼고 싶으면 꼭 방문하세요!!,1
80,,1
100,커피가 맛있고 매장 디자인이 감각적,1
80,사진은 할로윈 전에찍은거에요자리가 엄청많고빵 종류도 많이 있는편입니다미팅장소에 좋은거같아요,1
80,"트리보러 가는 곳넓은데 사람 많음빵은 다 맛있었는데, 오히려 커피는 아쉬움",1
80,동네라 자주 가는데 어쩔땐 친절하고 어쩔땐 불친절하고 알바바이알바인듯 ㅋㅋㅋ 근데 마감직전에 갔을땐 사장님인 것 같은데 친절하셨다.. 카페가 크고 디저트나 음료도 다양해서 딱히 갈데는 없는데 데이트 기분 내면서 밖에 있고 싶을땐 여기를 들리는 것 같다🎄디저트랑 음료 모두 평타~.~ 저 로비앞에서 남자는 하나같이 여친 찍어주고 있고 ㅋㅋㅋ 나름 가산을 대표하는 카페인건 확실~,1
20,"카페 분위기는 좋으나 디저트 준비하는 곳에서 일하시는 여자 알바가 너무 싸가지 없어서 기분 다 망쳤습니다 ^^인원이 많아 테이블 두개로 나눠 앉아서 두개의 트레이에 디저트를 나눠 담고 한번에 결제했는데주문서도 잘 안보고 준비하는지.. 트레이 둘 다 챙겨가려하니 그쪽거 아니라고 하길래 저희꺼 맞아요~라고 하니 아니라고요;라고 하며 못 가져가게 해서 저희가 시킨거 맞고 나눠서 담았다니까 주문서도 다시 찾아보지않는 완강한 태도와 싸가지없는 말투오로 그쪽 테이블거 아니라고요!;;하며 무시하듯 답변몇번을 맞다 아니다로 할게 아니라 이쯤되면 주문서 한번 다시 볼법도 하지않나요?ㅎㅎ..어찌나 황당하던지..버터바 두개시켰는데 하나밖에 없고 저희가 시킨게 맞다니까 그제서야 주문서 보더니 다른 테이블 다른 디저트 주문서를 밑에 끼워두고는 이게 뭐야..라며 당황하시더라고요.끝까지 단 한마디의 사과도 받진 못했습니다^^몇번을 맞다고 하면 적어도 주문서를 다시 한번 보실 생각은 없으신가요? 무시하는 듯한 말투, 째려보는 눈, 뭐 엄청난 친절과 서비스를 바라며 카페를 가진 않으나.. 아무리 그래도 본인이 착각하신거면 적어도 사과는 하셨어야하는 거 아닌가 싶습니다.",0
100,빵 맛있음,1
100,트리가 너모 예뻐요ㅠㅠㅜㅜ♡♡♡사실 트리만 보고 방문했는데커피랑 빵도 맛있고카페 내부가 넓어서 손님들 많아도쾌적하더라구요토요일 6시 방문했는데 사람들이 많지 않아여유있게 커피마시고 사진찍고 놀다왔네요주차 자리 협소하니 주변 건물 주차장에주차하세요~ 그게 훨씬 낫습니당...!참고로 바로 옆 건물 주차비 3시간에 4천원입니다. 연말 분위기 느끼고 싶으면 꼭 방문하세요!!,1
80,,1
100,커피가 맛있고 매장 디자인이 감각적,1
80,사진은 할로윈 전에찍은거에요자리가 엄청많고빵 종류도 많이 있는편입니다미팅장소에 좋은거같아요,1
80,커피 맛있고 공간이 멋있다 베이커리는 ㄴㄴ,1
100,매장이 매우 넓은 점이 마음에 들었습니다 직원분들도 친절하세요,1
80,일단 드립커피 합격시그니처커피 굿,1
100,커피도 맛있고 빵도 맛있는데 평일 아님 주말 2시에 가면 앉아서 못 먹는다고 봐야해요..,1
100,빵 케잌 특히나 종맛탱구리..,1
80,"트리보러 가는 곳넓은데 사람 많음빵은 다 맛있었는데, 오히려 커피는 아쉬움",1
80,동네라 자주 가는데 어쩔땐 친절하고 어쩔땐 불친절하고 알바바이알바인듯 ㅋㅋㅋ 근데 마감직전에 갔을땐 사장님인 것 같은데 친절하셨다.. 카페가 크고 디저트나 음료도 다양해서 딱히 갈데는 없는데 데이트 기분 내면서 밖에 있고 싶을땐 여기를 들리는 것 같다🎄디저트랑 음료 모두 평타~.~ 저 로비앞에서 남자는 하나같이 여친 찍어주고 있고 ㅋㅋㅋ 나름 가산을 대표하는 카페인건 확실~,1
20,"카페 분위기는 좋으나 디저트 준비하는 곳에서 일하시는 여자 알바가 너무 싸가지 없어서 기분 다 망쳤습니다 ^^인원이 많아 테이블 두개로 나눠 앉아서 두개의 트레이에 디저트를 나눠 담고 한번에 결제했는데주문서도 잘 안보고 준비하는지.. 트레이 둘 다 챙겨가려하니 그쪽거 아니라고 하길래 저희꺼 맞아요~라고 하니 아니라고요;라고 하며 못 가져가게 해서 저희가 시킨거 맞고 나눠서 담았다니까 주문서도 다시 찾아보지않는 완강한 태도와 싸가지없는 말투오로 그쪽 테이블거 아니라고요!;;하며 무시하듯 답변몇번을 맞다 아니다로 할게 아니라 이쯤되면 주문서 한번 다시 볼법도 하지않나요?ㅎㅎ..어찌나 황당하던지..버터바 두개시켰는데 하나밖에 없고 저희가 시킨게 맞다니까 그제서야 주문서 보더니 다른 테이블 다른 디저트 주문서를 밑에 끼워두고는 이게 뭐야..라며 당황하시더라고요.끝까지 단 한마디의 사과도 받진 못했습니다^^몇번을 맞다고 하면 적어도 주문서를 다시 한번 보실 생각은 없으신가요? 무시하는 듯한 말투, 째려보는 눈, 뭐 엄청난 친절과 서비스를 바라며 카페를 가진 않으나.. 아무리 그래도 본인이 착각하신거면 적어도 사과는 하셨어야하는 거 아닌가 싶습니다.",0
100,빵 맛있음,1
100,트리가 너모 예뻐요ㅠㅠㅜㅜ♡♡♡사실 트리만 보고 방문했는데커피랑 빵도 맛있고카페 내부가 넓어서 손님들 많아도쾌적하더라구요토요일 6시 방문했는데 사람들이 많지 않아여유있게 커피마시고 사진찍고 놀다왔네요주차 자리 협소하니 주변 건물 주차장에주차하세요~ 그게 훨씬 낫습니당...!참고로 바로 옆 건물 주차비 3시간에 4천원입니다. 연말 분위기 느끼고 싶으면 꼭 방문하세요!!,1
80,,1
100,커피가 맛있고 매장 디자인이 감각적,1
80,사진은 할로윈 전에찍은거에요자리가 엄청많고빵 종류도 많이 있는편입니다미팅장소에 좋은거같아요,1
80,커피 맛있고 공간이 멋있다 베이커리는 ㄴㄴ,1
100,매장이 매우 넓은 점이 마음에 들었습니다 직원분들도 친절하세요,1
80,일단 드립커피 합격시그니처커피 굿,1
100,커피도 맛있고 빵도 맛있는데 평일 아님 주말 2시에 가면 앉아서 못 먹는다고 봐야해요..,1
100,빵 케잌 특히나 종맛탱구리..,1
100,넓어서 얘기하기 편하고 여유로웠어요. 치아바타 얼그레이 드립커피 추천합니다. 케이크나 달달한 빵은 평범했어요.,1
20,알바들 교육이 필요해보입니다. 토요일에 갔는데 인사도 안하고 쳐다도 안보네요..서비스정신 제로..,0
100,,1
80,아메리카노 맛집!,1
100,빵도 맛있고 커피도 맛있어요! 매장도 넓고 편하게 얘기하다 가기 좋아요😊,1
100,양꼬치 존맛ㅠ,1
60,양꼬치맛있어요!크림새우는 메뉴에서 빼시는게 좋을듯합니다..,0
80,"근처에서 양꼬치 먹고싶으면 또 갈듯 하지만 특별한진모르겠고 시끄럽다,,",1
100,양꼬치 존맛ㅠ,1
60,양꼬치맛있어요!크림새우는 메뉴에서 빼시는게 좋을듯합니다..,0
80,"근처에서 양꼬치 먹고싶으면 또 갈듯 하지만 특별한진모르겠고 시끄럽다,,",1
60,가디역 근처에서는 제법 오래됐고 괜찮은 양꼬치집,0
100,"양갈비 1인 26,000원 서비스 좋고 친절하고 너무 좋았어요! 강추! 또 가고 싶어요",1
100,,1
100,양꼬치는 여기가 제일 좋네요~ 매월 1번정도 가는데 분위기도 좋고 맥주먹기 좋네욥~,1
100,냄새 안 나고 깔끔하고 맛있어요~!!,1
100,양꼬치 존맛ㅠ,1
60,양꼬치맛있어요!크림새우는 메뉴에서 빼시는게 좋을듯합니다..,0
80,"근처에서 양꼬치 먹고싶으면 또 갈듯 하지만 특별한진모르겠고 시끄럽다,,",1
60,가디역 근처에서는 제법 오래됐고 괜찮은 양꼬치집,0
100,"양갈비 1인 26,000원 서비스 좋고 친절하고 너무 좋았어요! 강추! 또 가고 싶어요",1
100,,1
100,양꼬치는 여기가 제일 좋네요~ 매월 1번정도 가는데 분위기도 좋고 맥주먹기 좋네욥~,1
100,냄새 안 나고 깔끔하고 맛있어요~!!,1
100,"니하우 양꼬치 맛집 대만족입니다.다양한 소스와 양념장, 푸짐하고 맛난 계란말이,매장도 깨끗하고 분위기 짱, 가성비 짱, ,  ^^고기 자체 품질도 좋은 고기 쓰는 것같아요 #양꼬치맛집 #가산디지탈단지역양꼬치",1
100,가산디지털단지역 양꼬치맛집 '니하우'오늘도 역시 최고의 맛을 자랑하네요^^,1
60,맛있는데..사람이너무많아서..주문이 밀려요..,0
60,,0
20,시간 넘쳐나는 분 가세요 양꼬치에 숯 나오는데 40분 걸리는 양꼬치집은 처음 봅니다 진짜 어이가 없어서 너무 오래 기다린 거 같다고 하니까 순서대로 나오는 거라고 하네요 순서 40분 기다리실 분 가세요참고로 옆테이블은 저희 다 먹을 때까지 안나왔어요 무슨 장작 패서 숯 만드는 줄 알았네 어이가 없어 아니 쓰다보니가 화나네 30분 기다리고 밑반찬 받아서 땅콩에 소주 반병 먹은게 너무 어이없다 주방 인원을 늘리든 숯기계를 늘리든 시스템을 고쳐라 좀 다신 갈 생각이 없다,0
100,양꼬치 존맛ㅠ,1
60,양꼬치맛있어요!크림새우는 메뉴에서 빼시는게 좋을듯합니다..,0
80,"근처에서 양꼬치 먹고싶으면 또 갈듯 하지만 특별한진모르겠고 시끄럽다,,",1
60,가디역 근처에서는 제법 오래됐고 괜찮은 양꼬치집,0
100,"양갈비 1인 26,000원 서비스 좋고 친절하고 너무 좋았어요! 강추! 또 가고 싶어요",1
100,,1
100,양꼬치는 여기가 제일 좋네요~ 매월 1번정도 가는데 분위기도 좋고 맥주먹기 좋네욥~,1
100,냄새 안 나고 깔끔하고 맛있어요~!!,1
100,"니하우 양꼬치 맛집 대만족입니다.다양한 소스와 양념장, 푸짐하고 맛난 계란말이,매장도 깨끗하고 분위기 짱, 가성비 짱, ,  ^^고기 자체 품질도 좋은 고기 쓰는 것같아요 #양꼬치맛집 #가산디지탈단지역양꼬치",1
100,가산디지털단지역 양꼬치맛집 '니하우'오늘도 역시 최고의 맛을 자랑하네요^^,1
60,맛있는데..사람이너무많아서..주문이 밀려요..,0
60,,0
20,시간 넘쳐나는 분 가세요 양꼬치에 숯 나오는데 40분 걸리는 양꼬치집은 처음 봅니다 진짜 어이가 없어서 너무 오래 기다린 거 같다고 하니까 순서대로 나오는 거라고 하네요 순서 40분 기다리실 분 가세요참고로 옆테이블은 저희 다 먹을 때까지 안나왔어요 무슨 장작 패서 숯 만드는 줄 알았네 어이가 없어 아니 쓰다보니가 화나네 30분 기다리고 밑반찬 받아서 땅콩에 소주 반병 먹은게 너무 어이없다 주방 인원을 늘리든 숯기계를 늘리든 시스템을 고쳐라 좀 다신 갈 생각이 없다,0
100,육즙도 많고 가격도 적당하고 가게 외관 내부 모두 깔끔하고 멋있다. 넓어서 모임하거나 적당히 거리두고 먹기도 좋음!,1
100,가게가 정말 깨끗하고 양꼬치 초보자도 거부감없이 먹을 만큼 잡내가 없어요,1
100,"넘버 원 양꼬치집양꼬치도 요리도 너무맛있고,자극적이지 않아 계속 들어가요 ˓◞˂̵",1
100,더할나위 없었다...,1
100,,1
100,양꼬치 존맛ㅠ,1
60,양꼬치맛있어요!크림새우는 메뉴에서 빼시는게 좋을듯합니다..,0
80,"근처에서 양꼬치 먹고싶으면 또 갈듯 하지만 특별한진모르겠고 시끄럽다,,",1
60,가디역 근처에서는 제법 오래됐고 괜찮은 양꼬치집,0
100,"양갈비 1인 26,000원 서비스 좋고 친절하고 너무 좋았어요! 강추! 또 가고 싶어요",1
100,,1
100,양꼬치는 여기가 제일 좋네요~ 매월 1번정도 가는데 분위기도 좋고 맥주먹기 좋네욥~,1
100,냄새 안 나고 깔끔하고 맛있어요~!!,1
100,"니하우 양꼬치 맛집 대만족입니다.다양한 소스와 양념장, 푸짐하고 맛난 계란말이,매장도 깨끗하고 분위기 짱, 가성비 짱, ,  ^^고기 자체 품질도 좋은 고기 쓰는 것같아요 #양꼬치맛집 #가산디지탈단지역양꼬치",1
100,가산디지털단지역 양꼬치맛집 '니하우'오늘도 역시 최고의 맛을 자랑하네요^^,1
60,맛있는데..사람이너무많아서..주문이 밀려요..,0
60,,0
20,시간 넘쳐나는 분 가세요 양꼬치에 숯 나오는데 40분 걸리는 양꼬치집은 처음 봅니다 진짜 어이가 없어서 너무 오래 기다린 거 같다고 하니까 순서대로 나오는 거라고 하네요 순서 40분 기다리실 분 가세요참고로 옆테이블은 저희 다 먹을 때까지 안나왔어요 무슨 장작 패서 숯 만드는 줄 알았네 어이가 없어 아니 쓰다보니가 화나네 30분 기다리고 밑반찬 받아서 땅콩에 소주 반병 먹은게 너무 어이없다 주방 인원을 늘리든 숯기계를 늘리든 시스템을 고쳐라 좀 다신 갈 생각이 없다,0
100,육즙도 많고 가격도 적당하고 가게 외관 내부 모두 깔끔하고 멋있다. 넓어서 모임하거나 적당히 거리두고 먹기도 좋음!,1
100,가게가 정말 깨끗하고 양꼬치 초보자도 거부감없이 먹을 만큼 잡내가 없어요,1
100,"넘버 원 양꼬치집양꼬치도 요리도 너무맛있고,자극적이지 않아 계속 들어가요 ˓◞˂̵",1
100,더할나위 없었다...,1
100,,1
100,구석에 있지만 가게 깨끗하구요 조용하고 ☆양꼬치 넘 마싯습니다☆서비스로 나온 마파두부도 맛있었구요옥면우육면도 정말 맛있어서 두 번 먹었어요. 소주 땡기는 맛...,1
100,양꼬치 풍미가 다른 곳 보다 더 좋은 느낌? 뭔진 모르겠는데 더 맛있었어요! 가게도 깨끗하고 넓고 게다가 물 맛집 맥주 맛집,1
80,양꼬치집 많지만 비린맛없구 고기상태도 좋았던거 같음양고기 첨먹는 남친도 반한곳,1
80,양고기 입문자도 여기서 시작하면 양고기 좋아할것 같아요매우 맛있게 잘먹었어요!,1
80,,1
20,여기아줌마 인상더러움. 불친절써비스.,0
100,포장존맛!!!포장 깔끔하고 맛났어요❤️,1
60,,0
20,여기아줌마 인상더러움. 불친절써비스.,0
100,포장존맛!!!포장 깔끔하고 맛났어요❤️,1
60,,0
20,"나쁘지 않은가격,불친절한 응대,지저분한 위생상태(국자와 수저에 고추가루 말라붙음)싱싱하지 않은 회상태!",0
20,완전 쓰레기입니다사람들이 많이와서 회를 싱싱하게 준다하지만 잘못걸리면 쓰레기를 줍니다 제가 회맛을좀 알기에 이의를 제기해도 사람많아서 그럴리없다 싱싱한거 준다합니다이집 제가 자주가던 집입니다 그래서 더욱 신롸가 무너지네요 백김치추가 남들이 남긴거주고 우럭 소짜 다늘어진거 쓰레기를 주네요기본 구성은 나쁘지않습니다 그런데 이젠 이집 안가려구요사람이 붐빈다는 이유로 쓰레기를 은근슬쩍 파는곳입니다오늘 너무 기분이 안좋네요 매운탕만 막고 나오면서 물어보고싶었습니다카운터 아짐 회써는 사장님과도 얘기를 좀 했습니다 ㅎㅎ 죽어도 자긴 좋은거 썼다고이렇게 말하죠 회맛 모르고 가성비를 추구함 가세요 하지만 양심없는 주인은 쓰레기를 즙니다제가보기엔 가산에서 좀 유명세탔다고 뵈는게 없는듯합니다가지마세요 쓰레기입니다,0
100,,1
100,광어 소짜리시키니까 회에다 매운탕에다.. 이것저것 다챙갸주시네요 ㅋㅋ굿,1
60,,0
20,여기아줌마 인상더러움. 불친절써비스.,0
100,포장존맛!!!포장 깔끔하고 맛났어요❤️,1
60,,0
20,"나쁘지 않은가격,불친절한 응대,지저분한 위생상태(국자와 수저에 고추가루 말라붙음)싱싱하지 않은 회상태!",0
20,완전 쓰레기입니다사람들이 많이와서 회를 싱싱하게 준다하지만 잘못걸리면 쓰레기를 줍니다 제가 회맛을좀 알기에 이의를 제기해도 사람많아서 그럴리없다 싱싱한거 준다합니다이집 제가 자주가던 집입니다 그래서 더욱 신롸가 무너지네요 백김치추가 남들이 남긴거주고 우럭 소짜 다늘어진거 쓰레기를 주네요기본 구성은 나쁘지않습니다 그런데 이젠 이집 안가려구요사람이 붐빈다는 이유로 쓰레기를 은근슬쩍 파는곳입니다오늘 너무 기분이 안좋네요 매운탕만 막고 나오면서 물어보고싶었습니다카운터 아짐 회써는 사장님과도 얘기를 좀 했습니다 ㅎㅎ 죽어도 자긴 좋은거 썼다고이렇게 말하죠 회맛 모르고 가성비를 추구함 가세요 하지만 양심없는 주인은 쓰레기를 즙니다제가보기엔 가산에서 좀 유명세탔다고 뵈는게 없는듯합니다가지마세요 쓰레기입니다,0
100,,1
100,광어 소짜리시키니까 회에다 매운탕에다.. 이것저것 다챙갸주시네요 ㅋㅋ굿,1
60,,0
80,존맛탱,1
100,굳굳,1
20,여기아줌마 인상더러움. 불친절써비스.,0
100,포장존맛!!!포장 깔끔하고 맛났어요❤️,1
60,,0
20,"나쁘지 않은가격,불친절한 응대,지저분한 위생상태(국자와 수저에 고추가루 말라붙음)싱싱하지 않은 회상태!",0
20,완전 쓰레기입니다사람들이 많이와서 회를 싱싱하게 준다하지만 잘못걸리면 쓰레기를 줍니다 제가 회맛을좀 알기에 이의를 제기해도 사람많아서 그럴리없다 싱싱한거 준다합니다이집 제가 자주가던 집입니다 그래서 더욱 신롸가 무너지네요 백김치추가 남들이 남긴거주고 우럭 소짜 다늘어진거 쓰레기를 주네요기본 구성은 나쁘지않습니다 그런데 이젠 이집 안가려구요사람이 붐빈다는 이유로 쓰레기를 은근슬쩍 파는곳입니다오늘 너무 기분이 안좋네요 매운탕만 막고 나오면서 물어보고싶었습니다카운터 아짐 회써는 사장님과도 얘기를 좀 했습니다 ㅎㅎ 죽어도 자긴 좋은거 썼다고이렇게 말하죠 회맛 모르고 가성비를 추구함 가세요 하지만 양심없는 주인은 쓰레기를 즙니다제가보기엔 가산에서 좀 유명세탔다고 뵈는게 없는듯합니다가지마세요 쓰레기입니다,0
100,,1
100,광어 소짜리시키니까 회에다 매운탕에다.. 이것저것 다챙갸주시네요 ㅋㅋ굿,1
60,,0
80,존맛탱,1
100,굳굳,1
20,여기아줌마 인상더러움. 불친절써비스.,0
100,포장존맛!!!포장 깔끔하고 맛났어요❤️,1
60,,0
20,"나쁘지 않은가격,불친절한 응대,지저분한 위생상태(국자와 수저에 고추가루 말라붙음)싱싱하지 않은 회상태!",0
20,완전 쓰레기입니다사람들이 많이와서 회를 싱싱하게 준다하지만 잘못걸리면 쓰레기를 줍니다 제가 회맛을좀 알기에 이의를 제기해도 사람많아서 그럴리없다 싱싱한거 준다합니다이집 제가 자주가던 집입니다 그래서 더욱 신롸가 무너지네요 백김치추가 남들이 남긴거주고 우럭 소짜 다늘어진거 쓰레기를 주네요기본 구성은 나쁘지않습니다 그런데 이젠 이집 안가려구요사람이 붐빈다는 이유로 쓰레기를 은근슬쩍 파는곳입니다오늘 너무 기분이 안좋네요 매운탕만 막고 나오면서 물어보고싶었습니다카운터 아짐 회써는 사장님과도 얘기를 좀 했습니다 ㅎㅎ 죽어도 자긴 좋은거 썼다고이렇게 말하죠 회맛 모르고 가성비를 추구함 가세요 하지만 양심없는 주인은 쓰레기를 즙니다제가보기엔 가산에서 좀 유명세탔다고 뵈는게 없는듯합니다가지마세요 쓰레기입니다,0
100,,1
100,광어 소짜리시키니까 회에다 매운탕에다.. 이것저것 다챙갸주시네요 ㅋㅋ굿,1
60,,0
80,존맛탱,1
100,굳굳,1
100,예쁘고 조용하고 달콤한 카페입니다. 점심시간에는 좀 붐빌지도 모르겠네요. 이 근처에 디저트 제대로 하는 카페가 거의 없어서 열심히 찾다가 왔는데 너무 좋습니다! 분위기에 어울리는 음악도 좋네요.,1
60,인테리어 예쁘고 분위기 좋음,0
40,"평이 좋아갔는데, 전반적으로 비교적 가격대가  높고 옆가게 찌개등 냄새가 많이 들어왔어요. 분위기나 친절함은 좋았음",0
100,예쁘고 조용하고 달콤한 카페입니다. 점심시간에는 좀 붐빌지도 모르겠네요. 이 근처에 디저트 제대로 하는 카페가 거의 없어서 열심히 찾다가 왔는데 너무 좋습니다! 분위기에 어울리는 음악도 좋네요.,1
60,인테리어 예쁘고 분위기 좋음,0
40,"평이 좋아갔는데, 전반적으로 비교적 가격대가  높고 옆가게 찌개등 냄새가 많이 들어왔어요. 분위기나 친절함은 좋았음",0
100,분위기도 넘 좋고 스콘 맛있어요!,1
100,에이드가 진짜 특이한 맛인데 엄청 맛있어요 분위기도 넘좋음 ♡ ♡,1
80,가산에 없는 분위기임.... 예쁨... 파블로바? 는 너무 셔요.... 다른 음료는 전체적으로 단데 커피는 맛있음,1
100,분위기도 좋고 따듯한 느낌의 조명 덕분에 더 맛있게 느껴졌어요~ 사장님도 친절하시고 좋았습니다~,1
100,분위기도 이쁘고 사진 찍을곳도 많아서 좋아요!!,1
100,예쁘고 조용하고 달콤한 카페입니다. 점심시간에는 좀 붐빌지도 모르겠네요. 이 근처에 디저트 제대로 하는 카페가 거의 없어서 열심히 찾다가 왔는데 너무 좋습니다! 분위기에 어울리는 음악도 좋네요.,1
60,인테리어 예쁘고 분위기 좋음,0
40,"평이 좋아갔는데, 전반적으로 비교적 가격대가  높고 옆가게 찌개등 냄새가 많이 들어왔어요. 분위기나 친절함은 좋았음",0
100,분위기도 넘 좋고 스콘 맛있어요!,1
100,에이드가 진짜 특이한 맛인데 엄청 맛있어요 분위기도 넘좋음 ♡ ♡,1
80,가산에 없는 분위기임.... 예쁨... 파블로바? 는 너무 셔요.... 다른 음료는 전체적으로 단데 커피는 맛있음,1
100,분위기도 좋고 따듯한 느낌의 조명 덕분에 더 맛있게 느껴졌어요~ 사장님도 친절하시고 좋았습니다~,1
100,분위기도 이쁘고 사진 찍을곳도 많아서 좋아요!!,1
100,맛있네요,1
100,,1
80,맛이좋네요~!! 담에또올게요,1
60,가기 전에 평가에서 감시 당하는 느낌을 받았다고 그래서 걱정했는데 1시간만 있어서 그런지 감시 당하는 느낌은 받지 못했지만 시간에 관대하지 못한 건 사실인 것 같아요. 주문을 마치자마자 시간 제한이 있다고 고지하더라구요. 애초에 약속 전 한시간만 앉아있을 생각으로 간거였는데도 시간 제한을 이렇게 직접적으로 얘기한 곳은 처음이라 당황스러웠어요. 음.. 전 아무리 분위기가 좋고 예뻐도 마음이 편한 곳은 아니어서 두 번은 안갈 것 같아요.,0
100,주말에 문 연 곳 찾아갔는데 너무 좋았어요.분위기 있고 디저트 종류도 다양하고 음료도 맛있고 보드게임도 있어서 잘 놀고 왔습니다. 분위기는 조용한 편이였고 조금 좁았지만 또 가고 싶어요~,1
100,예쁘고 조용하고 달콤한 카페입니다. 점심시간에는 좀 붐빌지도 모르겠네요. 이 근처에 디저트 제대로 하는 카페가 거의 없어서 열심히 찾다가 왔는데 너무 좋습니다! 분위기에 어울리는 음악도 좋네요.,1
60,인테리어 예쁘고 분위기 좋음,0
40,"평이 좋아갔는데, 전반적으로 비교적 가격대가  높고 옆가게 찌개등 냄새가 많이 들어왔어요. 분위기나 친절함은 좋았음",0
100,분위기도 넘 좋고 스콘 맛있어요!,1
100,에이드가 진짜 특이한 맛인데 엄청 맛있어요 분위기도 넘좋음 ♡ ♡,1
80,가산에 없는 분위기임.... 예쁨... 파블로바? 는 너무 셔요.... 다른 음료는 전체적으로 단데 커피는 맛있음,1
100,분위기도 좋고 따듯한 느낌의 조명 덕분에 더 맛있게 느껴졌어요~ 사장님도 친절하시고 좋았습니다~,1
100,분위기도 이쁘고 사진 찍을곳도 많아서 좋아요!!,1
100,맛있네요,1
100,,1
80,맛이좋네요~!! 담에또올게요,1
60,가기 전에 평가에서 감시 당하는 느낌을 받았다고 그래서 걱정했는데 1시간만 있어서 그런지 감시 당하는 느낌은 받지 못했지만 시간에 관대하지 못한 건 사실인 것 같아요. 주문을 마치자마자 시간 제한이 있다고 고지하더라구요. 애초에 약속 전 한시간만 앉아있을 생각으로 간거였는데도 시간 제한을 이렇게 직접적으로 얘기한 곳은 처음이라 당황스러웠어요. 음.. 전 아무리 분위기가 좋고 예뻐도 마음이 편한 곳은 아니어서 두 번은 안갈 것 같아요.,0
100,주말에 문 연 곳 찾아갔는데 너무 좋았어요.분위기 있고 디저트 종류도 다양하고 음료도 맛있고 보드게임도 있어서 잘 놀고 왔습니다. 분위기는 조용한 편이였고 조금 좁았지만 또 가고 싶어요~,1
40,별로에요 티비 왜 나왔는지 잘 모르겠음,0
20,진짜진짜 불친절하고 별 1개도 아까워요. 진짜 리뷰에 써 있듯이 감시하고 이용시간 먼저 말 해주는게 아니라 통보를 하더라고요.나가라고 그리고 사과도 안하는 경우는 무슨 경운지 ㅎㅎㅎ,0
100,,1
80,"가게는 좁은 편인데, 내부 인테리어가 예뻐요!보드게임도 몇 종류있어서 시간보내기 좋습니다. 밤 시간대에 갔는데 사람 꽤 있었어요.제가 갔을 때는 사장님도 친절하셨구요.음료 맛은 무난했던 것 같아요~",1
100,"일행이 검색해서 데리고가 준 곳인데 겉보기와 다르게카페 내부가 참 예쁩니다~~사장님 친절해서 좋았고드립커피 잘하는 곳!!!< 카페 스미다 >2020/07/16 (목) 2인예가체프 드립커피 ￦6,000리얼딸기우유 ￦6,000티라미수케이크 ￦6,000총합계 ￦18,000​#권꽁치 #꽁치필름 #꽁치그라피#가산동카페 #가산동커피맛집#가산디지털단지카페 #스미다",1
100,예쁘고 조용하고 달콤한 카페입니다. 점심시간에는 좀 붐빌지도 모르겠네요. 이 근처에 디저트 제대로 하는 카페가 거의 없어서 열심히 찾다가 왔는데 너무 좋습니다! 분위기에 어울리는 음악도 좋네요.,1
60,인테리어 예쁘고 분위기 좋음,0
40,"평이 좋아갔는데, 전반적으로 비교적 가격대가  높고 옆가게 찌개등 냄새가 많이 들어왔어요. 분위기나 친절함은 좋았음",0
100,분위기도 넘 좋고 스콘 맛있어요!,1
100,에이드가 진짜 특이한 맛인데 엄청 맛있어요 분위기도 넘좋음 ♡ ♡,1
80,가산에 없는 분위기임.... 예쁨... 파블로바? 는 너무 셔요.... 다른 음료는 전체적으로 단데 커피는 맛있음,1
100,분위기도 좋고 따듯한 느낌의 조명 덕분에 더 맛있게 느껴졌어요~ 사장님도 친절하시고 좋았습니다~,1
100,분위기도 이쁘고 사진 찍을곳도 많아서 좋아요!!,1
100,맛있네요,1
100,,1
80,맛이좋네요~!! 담에또올게요,1
60,가기 전에 평가에서 감시 당하는 느낌을 받았다고 그래서 걱정했는데 1시간만 있어서 그런지 감시 당하는 느낌은 받지 못했지만 시간에 관대하지 못한 건 사실인 것 같아요. 주문을 마치자마자 시간 제한이 있다고 고지하더라구요. 애초에 약속 전 한시간만 앉아있을 생각으로 간거였는데도 시간 제한을 이렇게 직접적으로 얘기한 곳은 처음이라 당황스러웠어요. 음.. 전 아무리 분위기가 좋고 예뻐도 마음이 편한 곳은 아니어서 두 번은 안갈 것 같아요.,0
100,주말에 문 연 곳 찾아갔는데 너무 좋았어요.분위기 있고 디저트 종류도 다양하고 음료도 맛있고 보드게임도 있어서 잘 놀고 왔습니다. 분위기는 조용한 편이였고 조금 좁았지만 또 가고 싶어요~,1
40,별로에요 티비 왜 나왔는지 잘 모르겠음,0
20,진짜진짜 불친절하고 별 1개도 아까워요. 진짜 리뷰에 써 있듯이 감시하고 이용시간 먼저 말 해주는게 아니라 통보를 하더라고요.나가라고 그리고 사과도 안하는 경우는 무슨 경운지 ㅎㅎㅎ,0
100,,1
80,"가게는 좁은 편인데, 내부 인테리어가 예뻐요!보드게임도 몇 종류있어서 시간보내기 좋습니다. 밤 시간대에 갔는데 사람 꽤 있었어요.제가 갔을 때는 사장님도 친절하셨구요.음료 맛은 무난했던 것 같아요~",1
100,"일행이 검색해서 데리고가 준 곳인데 겉보기와 다르게카페 내부가 참 예쁩니다~~사장님 친절해서 좋았고드립커피 잘하는 곳!!!< 카페 스미다 >2020/07/16 (목) 2인예가체프 드립커피 ￦6,000리얼딸기우유 ￦6,000티라미수케이크 ￦6,000총합계 ￦18,000​#권꽁치 #꽁치필름 #꽁치그라피#가산동카페 #가산동커피맛집#가산디지털단지카페 #스미다",1
80,좁은거 빼고는 분위도 좋고 음료도 이쁘게 나오고 맛도 괜찮아요~ 재방문 의사 있습니다,1
20,너무 불친절하셔서 절대 다시 안갈거같아요... 이렇게 배려없는 카페 처음.노래소리도 크고 계속 감시하셔서..불편했어요,0
100,,1
100,"맛있어요 디저트, 음료 달달하고 고소하고 진한맛! 전부 직접 만든 느낌? 물씬 나고 연속으로 몇 일째 갔는데ㅎㅎㅎ 또 갈 것 같아요",1
100,"입구가 꽁꽁 숨어있어서 찾기 힘들었지만 들어오면 아기자기하고 아늑한 느낌이 정말 좋아요! 과일파블라바 정말 맛있었어요!!머랭파이 위에 생크림, 그리고 과일 ㅎㅎㅎㅎ상큼달콤하고 티도 맛있었습니다ㅠ...가성비도 좋고 사장님이 카페에 대한 애정이 있다는 게 느껴지는 아기자기한 디테일이 좋습니다 ㅎㅎ",1
60,"곰탕, 갈비탕 등 점심식사 하기에 푸짐하면서 맛도 괜찮은편",0
100,반찬을 굴로 주시다니.. 근본이 있으심,1
100,"여기완존히 갑오프갑!진짜로 좋다는말안하는데...,서비스, 음식, 분위기등 장난아님!",1
60,"곰탕, 갈비탕 등 점심식사 하기에 푸짐하면서 맛도 괜찮은편",0
100,반찬을 굴로 주시다니.. 근본이 있으심,1
100,"여기완존히 갑오프갑!진짜로 좋다는말안하는데...,서비스, 음식, 분위기등 장난아님!",1
100,"정말 맛집입니다. 저는 불고기랑 매운 갈비를 자주 먹어요. 회사가 가까워서 자주 가는데 곰탕도 정말 맛있고, 왕갈비탕도 맛있어요. 여기는 다른데가 다르게 면을 따로 줘요. 면 좋아하는 사람들은 좋을듯해요. 다른데는 불고기 먹으면 밥 안주는데 여기는 밥도 줘요. 서빙 하시는 분들도 너무 친절해서 저는 그냥 단골합니다",1
80,갈비찜의 가격이 4만원에서 4.5만원으로 올랏는데 그래도 3명이 먹기엔 괜찮앗어요~,1
100,,1
80,워낙 인기가 많아서 점심시간에 웨이팅 필수지만 친절하고 맛있어요 양도 많고,1
100,,1
60,"곰탕, 갈비탕 등 점심식사 하기에 푸짐하면서 맛도 괜찮은편",0
100,반찬을 굴로 주시다니.. 근본이 있으심,1
100,"여기완존히 갑오프갑!진짜로 좋다는말안하는데...,서비스, 음식, 분위기등 장난아님!",1
100,"정말 맛집입니다. 저는 불고기랑 매운 갈비를 자주 먹어요. 회사가 가까워서 자주 가는데 곰탕도 정말 맛있고, 왕갈비탕도 맛있어요. 여기는 다른데가 다르게 면을 따로 줘요. 면 좋아하는 사람들은 좋을듯해요. 다른데는 불고기 먹으면 밥 안주는데 여기는 밥도 줘요. 서빙 하시는 분들도 너무 친절해서 저는 그냥 단골합니다",1
80,갈비찜의 가격이 4만원에서 4.5만원으로 올랏는데 그래도 3명이 먹기엔 괜찮앗어요~,1
100,,1
80,워낙 인기가 많아서 점심시간에 웨이팅 필수지만 친절하고 맛있어요 양도 많고,1
100,,1
60,갈비탕 먹었습니다. 고기가 좀 질기네요. 갈비대에 붙어있는것이.그래서 맛있다는 생각은 안들고 갈비탕이네 라는 생각으로 먹었습니다.,0
100,국물이 깔끔하고 양도 많아 든든하다고기도 많이 들어있고 면 사리와 공깃밥도 더 먹을 수 있어 배가 많이 부른 맛집. 깍두기와 김치도 잘 어울린다.,1
100,맑지만 깊이있고 은근 맛난 국물. 양지곰탕에 보들보들한 고기가 한가득. 덜 익어서 더 맛있는 깍두기도 맛나고. (배추 김치는 아쉽..) 소면 사리까지 공짜로 주문해서 먹으면 담날 아침까지 배가 든든함. 조만간 재방문 예정.,1
100,갈비탕만큼 비빔사리 맛도 끝내줘요,1
100,맛있음 깔끔함,1
100,6호점 배달시켜 드셔보세요 혼술세트 구성이 최고임!직접가서 먹는건 4호점이 인테리어 좋아요,1
60,육회 서비스는 없는곳.,0
100,맛있음 깔끔함,1
100,6호점 배달시켜 드셔보세요 혼술세트 구성이 최고임!직접가서 먹는건 4호점이 인테리어 좋아요,1
60,육회 서비스는 없는곳.,0
100,맛있음 깔끔함,1
100,6호점 배달시켜 드셔보세요 혼술세트 구성이 최고임!직접가서 먹는건 4호점이 인테리어 좋아요,1
60,육회 서비스는 없는곳.,0
100,넘나 맛있어요 다음에 또가려구요.,1
100,굳굳,1
20,,0
20,말뚝곱창 쓸데없이 지점만 많고 지점관리는 1도 안되는 듯. 위생상태가 최악이다. 테이블에 고춧가루랑 부추가 덕지덕지 붙어있고 알바인지 직원은 닦아달라해도 제대로 닦지도 않음. 조금 더러워도 곱창이 맛있으면 됐다 싶었지만 머리카락 나옴. 컴플 걸었으나 알바생이 새로 들어와서 사장님에게 말하기 어렵다며 마치 머리카락이 나왔던 일이 없었던 것처럼 넘어갔다.ㅋ 정신차리시고 말뚝곱창은 지점관리 제대로 하시길 다른 지점과 달리 서비스도 없는편,0
100,개마쉬숨,1
100,맛있음 깔끔함,1
100,6호점 배달시켜 드셔보세요 혼술세트 구성이 최고임!직접가서 먹는건 4호점이 인테리어 좋아요,1
60,육회 서비스는 없는곳.,0
100,넘나 맛있어요 다음에 또가려구요.,1
100,굳굳,1
20,,0
20,말뚝곱창 쓸데없이 지점만 많고 지점관리는 1도 안되는 듯. 위생상태가 최악이다. 테이블에 고춧가루랑 부추가 덕지덕지 붙어있고 알바인지 직원은 닦아달라해도 제대로 닦지도 않음. 조금 더러워도 곱창이 맛있으면 됐다 싶었지만 머리카락 나옴. 컴플 걸었으나 알바생이 새로 들어와서 사장님에게 말하기 어렵다며 마치 머리카락이 나왔던 일이 없었던 것처럼 넘어갔다.ㅋ 정신차리시고 말뚝곱창은 지점관리 제대로 하시길 다른 지점과 달리 서비스도 없는편,0
100,개마쉬숨,1
20,"이 테이블 치웠다가 저 테이블 치웠다가 하면서 손님 3팀? 4팀? 그냥 멍때리고 기다리게 하질 않나... 앉고 나니까 물도 안갖다주더라구요;; 티슈 없는건 무슨 기본사항인줄;저희 테이블 곱창이 30분?만에 나오질 않나 ㅋㅋ 옆테이블 앉으신 분들은 1시간이나 참고 기다리다가 한소리 하시더라구여. 사과랍시고 주구장창 핑계만 대고..더구나 저희 테이블은 볶음밥 시켜서 바로 나왔는데 옆테이블 분들이 저희거 보고 볶음밥 시키려니까 “아 저희가 지금 밥이 없어서 밥을 해야하는데 쫌 걸릴거 같아요” 이러더라구요. 아니... 한시간이나 기다리게 해놓고 그게 말이라고 ㅋㅋ 저희가 다 민망하고 죄송하더라구요;;; 결국 화나서 곱창만 후딱먹고 가시더라는... 참나.그와중에 볶음밥은 너무 짜고 퍽퍽하고... 배고파서 그냥 먹다가 물 한통 거의 다 비웠네요 ㅡㅡ알바들이 무슨 담배피러 나가다닐 시간은 있고, 테이블 회전은 안되고? ㅋㅋ 뭐하잔건지...심지어 곱창이 한참 안나와서 여기저기서 항의하니까 옆 식당에서 와서 잠깐 도와주더라구요. 직원이 없고 대처가 안될거 같으면 무턱대고 손님 받질 마세요 쫌.그리고 기본적으로 예의랑 위생관념좀 챙기시구여. 웨이팅 한참해도 사과도 제대로 안하고 담배피고 온 손으로 서빙하고 테이블닦고... 드러워서 진짜;;다음부턴 그냥 원래 가던 구디 말뚝곱창 가려구요 ㅡㅡ",0
20,서비스가 너무 구립니다  서빙 말귀제대로못알아먹고곱창이 이렇게 맛이 없을수가 있을까 게다가 한우라는데.그릇도 안씻겨진걸로 나와서 다시 바꿔달라고 하고 다시줬는데도 더러운거 주심  아니 더러워서 바꿔달라고 하면 한번쯤 확인은 해보고 주지 않나 싶습니다 기름은 빠지는곳도 없고 닦아주지도 않고 그냥 철판에 흥건 내가 기름을 먹는건지 고기를 먹는건지,0
100,맛있음 깔끔함,1
100,6호점 배달시켜 드셔보세요 혼술세트 구성이 최고임!직접가서 먹는건 4호점이 인테리어 좋아요,1
60,육회 서비스는 없는곳.,0
100,넘나 맛있어요 다음에 또가려구요.,1
100,굳굳,1
20,,0
20,말뚝곱창 쓸데없이 지점만 많고 지점관리는 1도 안되는 듯. 위생상태가 최악이다. 테이블에 고춧가루랑 부추가 덕지덕지 붙어있고 알바인지 직원은 닦아달라해도 제대로 닦지도 않음. 조금 더러워도 곱창이 맛있으면 됐다 싶었지만 머리카락 나옴. 컴플 걸었으나 알바생이 새로 들어와서 사장님에게 말하기 어렵다며 마치 머리카락이 나왔던 일이 없었던 것처럼 넘어갔다.ㅋ 정신차리시고 말뚝곱창은 지점관리 제대로 하시길 다른 지점과 달리 서비스도 없는편,0
100,개마쉬숨,1
20,"이 테이블 치웠다가 저 테이블 치웠다가 하면서 손님 3팀? 4팀? 그냥 멍때리고 기다리게 하질 않나... 앉고 나니까 물도 안갖다주더라구요;; 티슈 없는건 무슨 기본사항인줄;저희 테이블 곱창이 30분?만에 나오질 않나 ㅋㅋ 옆테이블 앉으신 분들은 1시간이나 참고 기다리다가 한소리 하시더라구여. 사과랍시고 주구장창 핑계만 대고..더구나 저희 테이블은 볶음밥 시켜서 바로 나왔는데 옆테이블 분들이 저희거 보고 볶음밥 시키려니까 “아 저희가 지금 밥이 없어서 밥을 해야하는데 쫌 걸릴거 같아요” 이러더라구요. 아니... 한시간이나 기다리게 해놓고 그게 말이라고 ㅋㅋ 저희가 다 민망하고 죄송하더라구요;;; 결국 화나서 곱창만 후딱먹고 가시더라는... 참나.그와중에 볶음밥은 너무 짜고 퍽퍽하고... 배고파서 그냥 먹다가 물 한통 거의 다 비웠네요 ㅡㅡ알바들이 무슨 담배피러 나가다닐 시간은 있고, 테이블 회전은 안되고? ㅋㅋ 뭐하잔건지...심지어 곱창이 한참 안나와서 여기저기서 항의하니까 옆 식당에서 와서 잠깐 도와주더라구요. 직원이 없고 대처가 안될거 같으면 무턱대고 손님 받질 마세요 쫌.그리고 기본적으로 예의랑 위생관념좀 챙기시구여. 웨이팅 한참해도 사과도 제대로 안하고 담배피고 온 손으로 서빙하고 테이블닦고... 드러워서 진짜;;다음부턴 그냥 원래 가던 구디 말뚝곱창 가려구요 ㅡㅡ",0
20,서비스가 너무 구립니다  서빙 말귀제대로못알아먹고곱창이 이렇게 맛이 없을수가 있을까 게다가 한우라는데.그릇도 안씻겨진걸로 나와서 다시 바꿔달라고 하고 다시줬는데도 더러운거 주심  아니 더러워서 바꿔달라고 하면 한번쯤 확인은 해보고 주지 않나 싶습니다 기름은 빠지는곳도 없고 닦아주지도 않고 그냥 철판에 흥건 내가 기름을 먹는건지 고기를 먹는건지,0
60,재방문할것같지는 않아요~맛은 soso,0
60,네이버는 칭찬 일색이라 방문한 건데 다음에서 후기를 보고 선택할 걸 그랬네요. 다른 건 모르겠고 소곱창에 곱이 거의 없습니다. 단품으로 시켜도 절반은 곱이 아예 없고 나머지 절반도 곱이 절반 차 있을까 말까 합니다.알바들은 친절한데.. 만약 아래 후기 말대로 주방을 사장이 보고 있는 거라면 좀...육회 반찬 대신에 차라리 곱창 질을 높이는 게 나을 것 같고 비치된 숟가락 위생 같은 것도 살펴 보는 게 좋을 것 같습니다,0
20,매달 한번은 오는집인데1. 처음 기본 서비스 육회안나와서 물어봤는데 육회가 없어요 하고 일단참음2. 모듬곱창2인분나옴 곱창양 2달전 블로그 리뷰쓴사람꺼보면 양차이 엄청남 빡침(사진곱창은 떡2개만먹은거)3. 곱창 먹으면서 염통 막창 곱창에서 비린냄새남 이미빡침4. 마지막 밥이라도 먹자해서 볶음밥 시킴 날치알 원래 올려쥬는데 날치알 없어요 하고 알바감 여기서 개빡침 다신안옴*나갈때 계산 하는 사람한테 사장님 바꼇냐 물어봤는데 주방에 일하는 놈이 사장놈이라고함 가게 잘돌아간다 난다시 안온다 곧망할듯,0
60,재방문할것같지는 않아요~맛은 soso,0
60,네이버는 칭찬 일색이라 방문한 건데 다음에서 후기를 보고 선택할 걸 그랬네요. 다른 건 모르겠고 소곱창에 곱이 거의 없습니다. 단품으로 시켜도 절반은 곱이 아예 없고 나머지 절반도 곱이 절반 차 있을까 말까 합니다.알바들은 친절한데.. 만약 아래 후기 말대로 주방을 사장이 보고 있는 거라면 좀...육회 반찬 대신에 차라리 곱창 질을 높이는 게 나을 것 같고 비치된 숟가락 위생 같은 것도 살펴 보는 게 좋을 것 같습니다,0
20,매달 한번은 오는집인데1. 처음 기본 서비스 육회안나와서 물어봤는데 육회가 없어요 하고 일단참음2. 모듬곱창2인분나옴 곱창양 2달전 블로그 리뷰쓴사람꺼보면 양차이 엄청남 빡침(사진곱창은 떡2개만먹은거)3. 곱창 먹으면서 염통 막창 곱창에서 비린냄새남 이미빡침4. 마지막 밥이라도 먹자해서 볶음밥 시킴 날치알 원래 올려쥬는데 날치알 없어요 하고 알바감 여기서 개빡침 다신안옴*나갈때 계산 하는 사람한테 사장님 바꼇냐 물어봤는데 주방에 일하는 놈이 사장놈이라고함 가게 잘돌아간다 난다시 안온다 곧망할듯,0
20,불친절,0
60,쏘쏘,0
80,맛있어유!! 곱창도 신선하고 맛있게 잘 먹었어요~_~사모님?이 친절하셔서 기억에 남아효,1
80,,1
20,질겨요,0
60,재방문할것같지는 않아요~맛은 soso,0
60,네이버는 칭찬 일색이라 방문한 건데 다음에서 후기를 보고 선택할 걸 그랬네요. 다른 건 모르겠고 소곱창에 곱이 거의 없습니다. 단품으로 시켜도 절반은 곱이 아예 없고 나머지 절반도 곱이 절반 차 있을까 말까 합니다.알바들은 친절한데.. 만약 아래 후기 말대로 주방을 사장이 보고 있는 거라면 좀...육회 반찬 대신에 차라리 곱창 질을 높이는 게 나을 것 같고 비치된 숟가락 위생 같은 것도 살펴 보는 게 좋을 것 같습니다,0
20,매달 한번은 오는집인데1. 처음 기본 서비스 육회안나와서 물어봤는데 육회가 없어요 하고 일단참음2. 모듬곱창2인분나옴 곱창양 2달전 블로그 리뷰쓴사람꺼보면 양차이 엄청남 빡침(사진곱창은 떡2개만먹은거)3. 곱창 먹으면서 염통 막창 곱창에서 비린냄새남 이미빡침4. 마지막 밥이라도 먹자해서 볶음밥 시킴 날치알 원래 올려쥬는데 날치알 없어요 하고 알바감 여기서 개빡침 다신안옴*나갈때 계산 하는 사람한테 사장님 바꼇냐 물어봤는데 주방에 일하는 놈이 사장놈이라고함 가게 잘돌아간다 난다시 안온다 곧망할듯,0
20,불친절,0
60,쏘쏘,0
80,맛있어유!! 곱창도 신선하고 맛있게 잘 먹었어요~_~사모님?이 친절하셔서 기억에 남아효,1
80,,1
20,질겨요,0
60,말뚝이 지점별 편차가 극심한데 이 지점은 개중에 나쁘지않은편,0
20,,0
60,,0
20,내 생애 최악의 곱창집...곱창이 전혀 씹히지 않을 정도로 매우 질겨요결국 씹다가 다 뱉음...그정도로 넓은 테이블에 전좌석 반찬 세팅 해놓은 것도 비위생적이고 염통 누린내도 엄청 심함말뚝곱창이라 평타는 치겠지 하고 갔는데 완전 비추입니다.위에 평점... 제가 보기에는 다 알바임0점 주고 싶은데.1점도 아까움,0
100,핵존맛!! 다른지점도 많이 가봣는데 여긴 이것저것 주는게 많아서 조아용 양도많고 단.. 늦게가면 웨이팅잇을수잇음 근데 저번에 웨이팅 오래기다렷더니 서비스 많이주셔서좋앗어용ㅋㅋㅋㅋ,1
60,재방문할것같지는 않아요~맛은 soso,0
60,네이버는 칭찬 일색이라 방문한 건데 다음에서 후기를 보고 선택할 걸 그랬네요. 다른 건 모르겠고 소곱창에 곱이 거의 없습니다. 단품으로 시켜도 절반은 곱이 아예 없고 나머지 절반도 곱이 절반 차 있을까 말까 합니다.알바들은 친절한데.. 만약 아래 후기 말대로 주방을 사장이 보고 있는 거라면 좀...육회 반찬 대신에 차라리 곱창 질을 높이는 게 나을 것 같고 비치된 숟가락 위생 같은 것도 살펴 보는 게 좋을 것 같습니다,0
20,매달 한번은 오는집인데1. 처음 기본 서비스 육회안나와서 물어봤는데 육회가 없어요 하고 일단참음2. 모듬곱창2인분나옴 곱창양 2달전 블로그 리뷰쓴사람꺼보면 양차이 엄청남 빡침(사진곱창은 떡2개만먹은거)3. 곱창 먹으면서 염통 막창 곱창에서 비린냄새남 이미빡침4. 마지막 밥이라도 먹자해서 볶음밥 시킴 날치알 원래 올려쥬는데 날치알 없어요 하고 알바감 여기서 개빡침 다신안옴*나갈때 계산 하는 사람한테 사장님 바꼇냐 물어봤는데 주방에 일하는 놈이 사장놈이라고함 가게 잘돌아간다 난다시 안온다 곧망할듯,0
20,불친절,0
60,쏘쏘,0
80,맛있어유!! 곱창도 신선하고 맛있게 잘 먹었어요~_~사모님?이 친절하셔서 기억에 남아효,1
80,,1
20,질겨요,0
60,말뚝이 지점별 편차가 극심한데 이 지점은 개중에 나쁘지않은편,0
20,,0
60,,0
20,내 생애 최악의 곱창집...곱창이 전혀 씹히지 않을 정도로 매우 질겨요결국 씹다가 다 뱉음...그정도로 넓은 테이블에 전좌석 반찬 세팅 해놓은 것도 비위생적이고 염통 누린내도 엄청 심함말뚝곱창이라 평타는 치겠지 하고 갔는데 완전 비추입니다.위에 평점... 제가 보기에는 다 알바임0점 주고 싶은데.1점도 아까움,0
100,핵존맛!! 다른지점도 많이 가봣는데 여긴 이것저것 주는게 많아서 조아용 양도많고 단.. 늦게가면 웨이팅잇을수잇음 근데 저번에 웨이팅 오래기다렷더니 서비스 많이주셔서좋앗어용ㅋㅋㅋㅋ,1
100,분위기 최고가성비 최고곱창맛 역대급서비스 최고,1
100,,1
20,초심을 잃은듯. 올 여름만해도 맛있게 먹었는데. 불친절한건 여전하고 곱창은 질겨서 먹기 힘들고  곱도 없고..그런 곱창은 어디서 구한건지 나 참.,0
60,재방문할것같지는 않아요~맛은 soso,0
60,네이버는 칭찬 일색이라 방문한 건데 다음에서 후기를 보고 선택할 걸 그랬네요. 다른 건 모르겠고 소곱창에 곱이 거의 없습니다. 단품으로 시켜도 절반은 곱이 아예 없고 나머지 절반도 곱이 절반 차 있을까 말까 합니다.알바들은 친절한데.. 만약 아래 후기 말대로 주방을 사장이 보고 있는 거라면 좀...육회 반찬 대신에 차라리 곱창 질을 높이는 게 나을 것 같고 비치된 숟가락 위생 같은 것도 살펴 보는 게 좋을 것 같습니다,0
20,매달 한번은 오는집인데1. 처음 기본 서비스 육회안나와서 물어봤는데 육회가 없어요 하고 일단참음2. 모듬곱창2인분나옴 곱창양 2달전 블로그 리뷰쓴사람꺼보면 양차이 엄청남 빡침(사진곱창은 떡2개만먹은거)3. 곱창 먹으면서 염통 막창 곱창에서 비린냄새남 이미빡침4. 마지막 밥이라도 먹자해서 볶음밥 시킴 날치알 원래 올려쥬는데 날치알 없어요 하고 알바감 여기서 개빡침 다신안옴*나갈때 계산 하는 사람한테 사장님 바꼇냐 물어봤는데 주방에 일하는 놈이 사장놈이라고함 가게 잘돌아간다 난다시 안온다 곧망할듯,0
20,불친절,0
60,쏘쏘,0
80,맛있어유!! 곱창도 신선하고 맛있게 잘 먹었어요~_~사모님?이 친절하셔서 기억에 남아효,1
80,,1
20,질겨요,0
60,말뚝이 지점별 편차가 극심한데 이 지점은 개중에 나쁘지않은편,0
20,,0
60,,0
20,내 생애 최악의 곱창집...곱창이 전혀 씹히지 않을 정도로 매우 질겨요결국 씹다가 다 뱉음...그정도로 넓은 테이블에 전좌석 반찬 세팅 해놓은 것도 비위생적이고 염통 누린내도 엄청 심함말뚝곱창이라 평타는 치겠지 하고 갔는데 완전 비추입니다.위에 평점... 제가 보기에는 다 알바임0점 주고 싶은데.1점도 아까움,0
100,핵존맛!! 다른지점도 많이 가봣는데 여긴 이것저것 주는게 많아서 조아용 양도많고 단.. 늦게가면 웨이팅잇을수잇음 근데 저번에 웨이팅 오래기다렷더니 서비스 많이주셔서좋앗어용ㅋㅋㅋㅋ,1
100,분위기 최고가성비 최고곱창맛 역대급서비스 최고,1
100,,1
20,초심을 잃은듯. 올 여름만해도 맛있게 먹었는데. 불친절한건 여전하고 곱창은 질겨서 먹기 힘들고  곱도 없고..그런 곱창은 어디서 구한건지 나 참.,0
100,"성수족발과 여신족발 모두 장충동 스타일에 비하면 엄청 단짠이고, 다만 그 정도의 차이.성수족발이 약간 덜 단짠이라 맛의 밸런스는 좀 더 맞지만, 가격, 웨이팅 생각하면 별로 가고 싶지 않음.둘 다 30번 이상 먹고 말씀 드립니다.",1
100,,1
100,마감시간까지 좀 애매해서 포장해와서 먹었는데 맛있네요살짝 식어도 껍데기부분 안 질기고 부드러웠어요!,1
100,"성수족발과 여신족발 모두 장충동 스타일에 비하면 엄청 단짠이고, 다만 그 정도의 차이.성수족발이 약간 덜 단짠이라 맛의 밸런스는 좀 더 맞지만, 가격, 웨이팅 생각하면 별로 가고 싶지 않음.둘 다 30번 이상 먹고 말씀 드립니다.",1
100,,1
100,마감시간까지 좀 애매해서 포장해와서 먹었는데 맛있네요살짝 식어도 껍데기부분 안 질기고 부드러웠어요!,1
100,족발 오케이 국수는 노우 사람 많고 빽빽함 그러나 족발맛으로 용서가능,1
60,"족발 : 적당함냉채족발 : 안팜국수 : 가격은 만원인데, 맛은 5천원분위기 : 시끌벅적, 귀가 멍멍",0
80,야들야들하고 부드러워요. 씹는 질감이 즐겁습니다. 음식들이 약간씩 단맛들이 있는데 불쾌하지 않았습니다.,1
60,"족발은 아주 나쁘진 않았고, 국수 맛은 예전만 못한 것 같습니다. 이제는 굳이 시킬 이유가 없는 맛이 된 것 같네요. 전에 먹었던 국수 맛은 꼭 시켜먹어야겠다는 생각이 들었지만 지금은 그런 생각이 전혀 안듭니다. 전에는 족발을 기본으로 하면서, 국수 맛이 받쳐줘서 4점은 받을 수 있는 식당이었는데, 지금은 아닌 것 같습니다.",0
20,족발이 달아도 달아도 너무 달아요 이렇게 달게 만드는 족발은 처음 먹어봐요 이게 맛있다는 분들 입맛이 다른게 아니라 진짜 맛을 전혀 모르나 싶을 정도였어요 식감은 쫄깃하니 괜찮아요 남자 사장님인지 주방쪽에 계시는 분이 홀서빙하는 아르바이트생을 부를 때 야 라고 부르고 본인 언짢은 상황에는 언성 높여 야야 거리며 막 부르는게 너무 듣기가 안좋고 그 날만 그랬는지 모르지만 손님이 불편해지는 분위기였어요,0
100,"성수족발과 여신족발 모두 장충동 스타일에 비하면 엄청 단짠이고, 다만 그 정도의 차이.성수족발이 약간 덜 단짠이라 맛의 밸런스는 좀 더 맞지만, 가격, 웨이팅 생각하면 별로 가고 싶지 않음.둘 다 30번 이상 먹고 말씀 드립니다.",1
100,,1
100,마감시간까지 좀 애매해서 포장해와서 먹었는데 맛있네요살짝 식어도 껍데기부분 안 질기고 부드러웠어요!,1
100,족발 오케이 국수는 노우 사람 많고 빽빽함 그러나 족발맛으로 용서가능,1
60,"족발 : 적당함냉채족발 : 안팜국수 : 가격은 만원인데, 맛은 5천원분위기 : 시끌벅적, 귀가 멍멍",0
80,야들야들하고 부드러워요. 씹는 질감이 즐겁습니다. 음식들이 약간씩 단맛들이 있는데 불쾌하지 않았습니다.,1
60,"족발은 아주 나쁘진 않았고, 국수 맛은 예전만 못한 것 같습니다. 이제는 굳이 시킬 이유가 없는 맛이 된 것 같네요. 전에 먹었던 국수 맛은 꼭 시켜먹어야겠다는 생각이 들었지만 지금은 그런 생각이 전혀 안듭니다. 전에는 족발을 기본으로 하면서, 국수 맛이 받쳐줘서 4점은 받을 수 있는 식당이었는데, 지금은 아닌 것 같습니다.",0
20,족발이 달아도 달아도 너무 달아요 이렇게 달게 만드는 족발은 처음 먹어봐요 이게 맛있다는 분들 입맛이 다른게 아니라 진짜 맛을 전혀 모르나 싶을 정도였어요 식감은 쫄깃하니 괜찮아요 남자 사장님인지 주방쪽에 계시는 분이 홀서빙하는 아르바이트생을 부를 때 야 라고 부르고 본인 언짢은 상황에는 언성 높여 야야 거리며 막 부르는게 너무 듣기가 안좋고 그 날만 그랬는지 모르지만 손님이 불편해지는 분위기였어요,0
20,기름과 잡뼈만 가득. 포장 최악. 눈치보며 부시러기만 싸 주시는 주인님 양심 좀... 후기 안남기려다가 분해서 남깁니다.,0
100,맛있고 양도 많아요,1
100,가디 에서 술약속 장소로 추천드립니다,1
100,맛있고 좋아요!,1
100,가보세요.,1
100,"성수족발과 여신족발 모두 장충동 스타일에 비하면 엄청 단짠이고, 다만 그 정도의 차이.성수족발이 약간 덜 단짠이라 맛의 밸런스는 좀 더 맞지만, 가격, 웨이팅 생각하면 별로 가고 싶지 않음.둘 다 30번 이상 먹고 말씀 드립니다.",1
100,,1
100,마감시간까지 좀 애매해서 포장해와서 먹었는데 맛있네요살짝 식어도 껍데기부분 안 질기고 부드러웠어요!,1
100,족발 오케이 국수는 노우 사람 많고 빽빽함 그러나 족발맛으로 용서가능,1
60,"족발 : 적당함냉채족발 : 안팜국수 : 가격은 만원인데, 맛은 5천원분위기 : 시끌벅적, 귀가 멍멍",0
80,야들야들하고 부드러워요. 씹는 질감이 즐겁습니다. 음식들이 약간씩 단맛들이 있는데 불쾌하지 않았습니다.,1
60,"족발은 아주 나쁘진 않았고, 국수 맛은 예전만 못한 것 같습니다. 이제는 굳이 시킬 이유가 없는 맛이 된 것 같네요. 전에 먹었던 국수 맛은 꼭 시켜먹어야겠다는 생각이 들었지만 지금은 그런 생각이 전혀 안듭니다. 전에는 족발을 기본으로 하면서, 국수 맛이 받쳐줘서 4점은 받을 수 있는 식당이었는데, 지금은 아닌 것 같습니다.",0
20,족발이 달아도 달아도 너무 달아요 이렇게 달게 만드는 족발은 처음 먹어봐요 이게 맛있다는 분들 입맛이 다른게 아니라 진짜 맛을 전혀 모르나 싶을 정도였어요 식감은 쫄깃하니 괜찮아요 남자 사장님인지 주방쪽에 계시는 분이 홀서빙하는 아르바이트생을 부를 때 야 라고 부르고 본인 언짢은 상황에는 언성 높여 야야 거리며 막 부르는게 너무 듣기가 안좋고 그 날만 그랬는지 모르지만 손님이 불편해지는 분위기였어요,0
20,기름과 잡뼈만 가득. 포장 최악. 눈치보며 부시러기만 싸 주시는 주인님 양심 좀... 후기 안남기려다가 분해서 남깁니다.,0
100,맛있고 양도 많아요,1
100,가디 에서 술약속 장소로 추천드립니다,1
100,맛있고 좋아요!,1
100,가보세요.,1
100,각 메뉴마다 그 시작을 눈뜨게 해준 집들이 있는데.. 나에게 족발은 곧 여신이다 족즉여신... 이곳에서 족발이란 음식이 세상에 왜 존재하는것인지 깨닫게 되었습니다 멀리 살아서 자주 못가지만 라디오에서 마리오아울렛 광고 나올때마다 저는 여신족발을 생각합니다,1
100,제가 먹어본 족발 중에 최고예요쫠귓쫠귓하고 부들부들합니다항상 손님이 많은데 근처골목에 별관도 있어요,1
80,:>,1
100,,1
60,드럼통을 개조한 옛선술집 감성에 시끌벅적 분위기가 누군가에게는 거슬릴 수도 있겠으나 족발만큼은 절제된 향에 부드러운 육질이 제법 준수하다.,0
100,"성수족발과 여신족발 모두 장충동 스타일에 비하면 엄청 단짠이고, 다만 그 정도의 차이.성수족발이 약간 덜 단짠이라 맛의 밸런스는 좀 더 맞지만, 가격, 웨이팅 생각하면 별로 가고 싶지 않음.둘 다 30번 이상 먹고 말씀 드립니다.",1
100,,1
100,마감시간까지 좀 애매해서 포장해와서 먹었는데 맛있네요살짝 식어도 껍데기부분 안 질기고 부드러웠어요!,1
100,족발 오케이 국수는 노우 사람 많고 빽빽함 그러나 족발맛으로 용서가능,1
60,"족발 : 적당함냉채족발 : 안팜국수 : 가격은 만원인데, 맛은 5천원분위기 : 시끌벅적, 귀가 멍멍",0
80,야들야들하고 부드러워요. 씹는 질감이 즐겁습니다. 음식들이 약간씩 단맛들이 있는데 불쾌하지 않았습니다.,1
60,"족발은 아주 나쁘진 않았고, 국수 맛은 예전만 못한 것 같습니다. 이제는 굳이 시킬 이유가 없는 맛이 된 것 같네요. 전에 먹었던 국수 맛은 꼭 시켜먹어야겠다는 생각이 들었지만 지금은 그런 생각이 전혀 안듭니다. 전에는 족발을 기본으로 하면서, 국수 맛이 받쳐줘서 4점은 받을 수 있는 식당이었는데, 지금은 아닌 것 같습니다.",0
20,족발이 달아도 달아도 너무 달아요 이렇게 달게 만드는 족발은 처음 먹어봐요 이게 맛있다는 분들 입맛이 다른게 아니라 진짜 맛을 전혀 모르나 싶을 정도였어요 식감은 쫄깃하니 괜찮아요 남자 사장님인지 주방쪽에 계시는 분이 홀서빙하는 아르바이트생을 부를 때 야 라고 부르고 본인 언짢은 상황에는 언성 높여 야야 거리며 막 부르는게 너무 듣기가 안좋고 그 날만 그랬는지 모르지만 손님이 불편해지는 분위기였어요,0
20,기름과 잡뼈만 가득. 포장 최악. 눈치보며 부시러기만 싸 주시는 주인님 양심 좀... 후기 안남기려다가 분해서 남깁니다.,0
100,맛있고 양도 많아요,1
100,가디 에서 술약속 장소로 추천드립니다,1
100,맛있고 좋아요!,1
100,가보세요.,1
100,각 메뉴마다 그 시작을 눈뜨게 해준 집들이 있는데.. 나에게 족발은 곧 여신이다 족즉여신... 이곳에서 족발이란 음식이 세상에 왜 존재하는것인지 깨닫게 되었습니다 멀리 살아서 자주 못가지만 라디오에서 마리오아울렛 광고 나올때마다 저는 여신족발을 생각합니다,1
100,제가 먹어본 족발 중에 최고예요쫠귓쫠귓하고 부들부들합니다항상 손님이 많은데 근처골목에 별관도 있어요,1
80,:>,1
100,,1
60,드럼통을 개조한 옛선술집 감성에 시끌벅적 분위기가 누군가에게는 거슬릴 수도 있겠으나 족발만큼은 절제된 향에 부드러운 육질이 제법 준수하다.,0
100,,1
80,,1
80,,1
20,진심 맛별로. 막국수도 진짜별로. 여기맛잇다는 사람 진짜 성수동가서 족발한번씩 먹어봐야함. 성수동갈것도 없이 요즘 맛있는체인족발도 많은데. 여기 가산동이 전체적으로 음식이별로인데. 사람은 많아서 장사잘되는 듯.,0
80,,1
80,,1
20,무뚝뚝한건 알았지만 벌레가 나왔는데환불을 요구한 것도 아니고...사과라도 해주셨으면 좋았을텐데...단골집 포기합니다.,0
100,간도 안쎄고 너무 맛있어요,1
80,,1
20,무뚝뚝한건 알았지만 벌레가 나왔는데환불을 요구한 것도 아니고...사과라도 해주셨으면 좋았을텐데...단골집 포기합니다.,0
100,간도 안쎄고 너무 맛있어요,1
80,,1
20,무뚝뚝한건 알았지만 벌레가 나왔는데환불을 요구한 것도 아니고...사과라도 해주셨으면 좋았을텐데...단골집 포기합니다.,0
100,간도 안쎄고 너무 맛있어요,1
80,짬뽕 별로 안 좋아해서 항상 짜장면 먹는데 이번에는 맛있게 먹었어요. 특히 면이 쫄깃해서 좋았습니다. 양꼬치도 부드럽고 맛있었어요 ^-^,1
100,[생굴짬뽕/꿔바로우/육짬뽕밥]중식 맛있는 곳 찾기 힘들었는데 정말 맛있게 먹었습니다,1
100,,1
100,황제짬뽕 진짜루맛있음 ..ㅠㅠ 지금까지 양꼬치만 먹었다가 짬뽕시켜봤는데 깜짝놀램,1
100,짬뽕이랑 양꼬치 궁합 좋아요,1
80,,1
20,무뚝뚝한건 알았지만 벌레가 나왔는데환불을 요구한 것도 아니고...사과라도 해주셨으면 좋았을텐데...단골집 포기합니다.,0
100,간도 안쎄고 너무 맛있어요,1
80,짬뽕 별로 안 좋아해서 항상 짜장면 먹는데 이번에는 맛있게 먹었어요. 특히 면이 쫄깃해서 좋았습니다. 양꼬치도 부드럽고 맛있었어요 ^-^,1
100,[생굴짬뽕/꿔바로우/육짬뽕밥]중식 맛있는 곳 찾기 힘들었는데 정말 맛있게 먹었습니다,1
100,,1
100,황제짬뽕 진짜루맛있음 ..ㅠㅠ 지금까지 양꼬치만 먹었다가 짬뽕시켜봤는데 깜짝놀램,1
100,짬뽕이랑 양꼬치 궁합 좋아요,1
80,가성비갑,1
60,"황제짬뽕 먹었는데, 너무 짰어요ㅠㅠ그래도 면 들어가니까 괜찮아지긴 했는데.초반에 해산물 먹을 때 짠맛이 감당이 안되더라구용.. ㅎㅎ그리고 저녁에 갔는데 손님들이 술을 마셔서 그런지 너무 시끄러워요ㅠㅠ 사장님이랑 직원분들은 친절하세요!",0
60,짬뽕이 맛있다그래서 찾아가봤는데 국물은 너무 짜고 해산물이 해감이 안돼서 모래가 씹히고.. 면은 꼬들해서 식감은 좋았음,0
100,다녀본 육짬뽕 집 중에 이집만한 데가 없다양꼬치도 꽤 준수함,1
80,,1
80,,1
20,무뚝뚝한건 알았지만 벌레가 나왔는데환불을 요구한 것도 아니고...사과라도 해주셨으면 좋았을텐데...단골집 포기합니다.,0
100,간도 안쎄고 너무 맛있어요,1
80,짬뽕 별로 안 좋아해서 항상 짜장면 먹는데 이번에는 맛있게 먹었어요. 특히 면이 쫄깃해서 좋았습니다. 양꼬치도 부드럽고 맛있었어요 ^-^,1
100,[생굴짬뽕/꿔바로우/육짬뽕밥]중식 맛있는 곳 찾기 힘들었는데 정말 맛있게 먹었습니다,1
100,,1
100,황제짬뽕 진짜루맛있음 ..ㅠㅠ 지금까지 양꼬치만 먹었다가 짬뽕시켜봤는데 깜짝놀램,1
100,짬뽕이랑 양꼬치 궁합 좋아요,1
80,가성비갑,1
60,"황제짬뽕 먹었는데, 너무 짰어요ㅠㅠ그래도 면 들어가니까 괜찮아지긴 했는데.초반에 해산물 먹을 때 짠맛이 감당이 안되더라구용.. ㅎㅎ그리고 저녁에 갔는데 손님들이 술을 마셔서 그런지 너무 시끄러워요ㅠㅠ 사장님이랑 직원분들은 친절하세요!",0
60,짬뽕이 맛있다그래서 찾아가봤는데 국물은 너무 짜고 해산물이 해감이 안돼서 모래가 씹히고.. 면은 꼬들해서 식감은 좋았음,0
100,다녀본 육짬뽕 집 중에 이집만한 데가 없다양꼬치도 꽤 준수함,1
80,,1
100,양꼬치는 먹어본 적이 없어서 평가 불가.. 하나 점심시간에 자주 먹었던 육짬뽕은 가끔씩 생각나요.. 지금은 멀어져서 갈 일이 없지만 ㅠㅠ,1
60,,0
80,양꼬치 두툼함.,1
20,조개찜 뭐 다 똑같은 맛.근데 안주를 뭔 인별로 시켜야함.사람 한 사람 더 들어올때마다 안주 시키라 함.사람수대로 시키라고 살다 이런곳 첨 보네.,0
20,일본산 가리비,0
60,,0
20,조개찜 뭐 다 똑같은 맛.근데 안주를 뭔 인별로 시켜야함.사람 한 사람 더 들어올때마다 안주 시키라 함.사람수대로 시키라고 살다 이런곳 첨 보네.,0
20,일본산 가리비,0
60,,0
60,,0
100,식당 이름대로 각종 조개류랑 골뱅이 쑥갓 등이 가득 가득 채워져서 나와요... 싱싱하고... 푸짐하고... 마지막에 면 사리 추가해서 먹는 것도 아주 맛있어요.,1
20,,0
60,회식으로 갔으며 국물이 맛있음. 가격이 기억이 안남,0
100,,1
20,조개찜 뭐 다 똑같은 맛.근데 안주를 뭔 인별로 시켜야함.사람 한 사람 더 들어올때마다 안주 시키라 함.사람수대로 시키라고 살다 이런곳 첨 보네.,0
20,일본산 가리비,0
60,,0
60,,0
100,식당 이름대로 각종 조개류랑 골뱅이 쑥갓 등이 가득 가득 채워져서 나와요... 싱싱하고... 푸짐하고... 마지막에 면 사리 추가해서 먹는 것도 아주 맛있어요.,1
20,,0
60,회식으로 갔으며 국물이 맛있음. 가격이 기억이 안남,0
100,,1
60,,0
20,조개찜 뭐 다 똑같은 맛.근데 안주를 뭔 인별로 시켜야함.사람 한 사람 더 들어올때마다 안주 시키라 함.사람수대로 시키라고 살다 이런곳 첨 보네.,0
20,일본산 가리비,0
60,,0
60,,0
100,식당 이름대로 각종 조개류랑 골뱅이 쑥갓 등이 가득 가득 채워져서 나와요... 싱싱하고... 푸짐하고... 마지막에 면 사리 추가해서 먹는 것도 아주 맛있어요.,1
20,,0
60,회식으로 갔으며 국물이 맛있음. 가격이 기억이 안남,0
100,,1
60,,0
20,조개찜 뭐 다 똑같은 맛.근데 안주를 뭔 인별로 시켜야함.사람 한 사람 더 들어올때마다 안주 시키라 함.사람수대로 시키라고 살다 이런곳 첨 보네.,0
20,일본산 가리비,0
60,,0
60,,0
100,식당 이름대로 각종 조개류랑 골뱅이 쑥갓 등이 가득 가득 채워져서 나와요... 싱싱하고... 푸짐하고... 마지막에 면 사리 추가해서 먹는 것도 아주 맛있어요.,1
20,,0
60,회식으로 갔으며 국물이 맛있음. 가격이 기억이 안남,0
100,,1
60,,0
